/*
SQLyog Ultimate v12.5.1 (64 bit)
MySQL - 10.1.21-MariaDB : Database - ftb_temp
*********************************************************************
*/

/*!40101 SET NAMES utf8 */;

/*!40101 SET SQL_MODE=''*/;

/*!40014 SET @OLD_UNIQUE_CHECKS=@@UNIQUE_CHECKS, UNIQUE_CHECKS=0 */;
/*!40014 SET @OLD_FOREIGN_KEY_CHECKS=@@FOREIGN_KEY_CHECKS, FOREIGN_KEY_CHECKS=0 */;
/*!40101 SET @OLD_SQL_MODE=@@SQL_MODE, SQL_MODE='NO_AUTO_VALUE_ON_ZERO' */;
/*!40111 SET @OLD_SQL_NOTES=@@SQL_NOTES, SQL_NOTES=0 */;
CREATE DATABASE /*!32312 IF NOT EXISTS*/`ftb_temp` /*!40100 DEFAULT CHARACTER SET latin1 */;

USE `ftb_temp`;

/*Table structure for table `dosen` */

DROP TABLE IF EXISTS `dosen`;

CREATE TABLE `dosen` (
  `no` int(20) NOT NULL AUTO_INCREMENT,
  `nama` varchar(225) DEFAULT NULL,
  PRIMARY KEY (`no`)
) ENGINE=InnoDB AUTO_INCREMENT=22 DEFAULT CHARSET=latin1;

/*Data for the table `dosen` */

insert  into `dosen`(`no`,`nama`) values 
(1,'SML'),
(2,'RZS'),
(3,'MMM'),
(4,'MPR'),
(5,'ASD'),
(6,'ANA'),
(7,'SFA'),
(8,'RFK'),
(9,'MSL'),
(10,'YBN'),
(11,'EAN'),
(12,'YUL'),
(13,'IFY'),
(14,'MNP'),
(15,'DDA'),
(16,'ANM'),
(17,'ARR'),
(18,'AAD'),
(19,'PN'),
(20,'REG'),
(21,'JUN');

/*Table structure for table `dosen_matkul` */

DROP TABLE IF EXISTS `dosen_matkul`;

CREATE TABLE `dosen_matkul` (
  `no_dosen` int(20) DEFAULT NULL,
  `no_matkul` int(20) DEFAULT NULL,
  `nilai` int(20) DEFAULT NULL,
  KEY `fk_dosen` (`no_dosen`),
  KEY `fk_matkul2` (`no_matkul`),
  CONSTRAINT `fk_dosen` FOREIGN KEY (`no_dosen`) REFERENCES `dosen` (`no`),
  CONSTRAINT `fk_matkul2` FOREIGN KEY (`no_matkul`) REFERENCES `matkul` (`no`)
) ENGINE=InnoDB DEFAULT CHARSET=latin1;

/*Data for the table `dosen_matkul` */

insert  into `dosen_matkul`(`no_dosen`,`no_matkul`,`nilai`) values 
(1,1,1),
(1,2,0),
(1,3,0),
(1,4,0),
(1,5,0),
(1,6,0),
(1,7,0),
(1,8,0),
(1,9,0),
(1,10,0),
(1,11,0),
(1,12,0),
(1,13,0),
(1,14,0),
(1,15,0),
(1,16,0),
(1,17,0),
(1,18,0),
(1,19,0),
(1,20,0),
(1,21,0),
(1,22,0),
(1,23,0),
(1,24,0),
(1,25,0),
(1,26,0),
(1,27,0),
(1,28,0),
(1,29,0),
(1,30,0),
(1,31,0),
(1,32,0),
(1,33,0),
(1,34,0),
(2,1,0),
(2,2,1),
(2,3,0),
(2,4,0),
(2,5,0),
(2,6,0),
(2,7,0),
(2,8,0),
(2,9,0),
(2,10,0),
(2,11,0),
(2,12,0),
(2,13,0),
(2,14,0),
(2,15,0),
(2,16,0),
(2,17,0),
(2,18,0),
(2,19,0),
(2,20,0),
(2,21,0),
(2,22,0),
(2,23,0),
(2,24,0),
(2,25,0),
(2,26,0),
(2,27,0),
(2,28,1),
(2,29,0),
(2,30,0),
(2,31,0),
(2,32,0),
(2,33,0),
(2,34,0),
(3,1,0),
(3,2,0),
(3,3,1),
(3,4,0),
(3,5,0),
(3,6,0),
(3,7,0),
(3,8,0),
(3,9,0),
(3,10,0),
(3,11,0),
(3,12,0),
(3,13,0),
(3,14,0),
(3,15,0),
(3,16,0),
(3,17,0),
(3,18,0),
(3,19,0),
(3,20,0),
(3,21,0),
(3,22,0),
(3,23,0),
(3,24,0),
(3,25,0),
(3,26,0),
(3,27,0),
(3,28,0),
(3,29,0),
(3,30,0),
(3,31,0),
(3,32,0),
(3,33,0),
(3,34,0),
(4,1,0),
(4,2,0),
(4,3,0),
(4,4,1),
(4,5,0),
(4,6,0),
(4,7,0),
(4,8,0),
(4,9,0),
(4,10,0),
(4,11,0),
(4,12,0),
(4,13,0),
(4,14,0),
(4,15,0),
(4,16,0),
(4,17,0),
(4,18,0),
(4,19,0),
(4,20,0),
(4,21,0),
(4,22,0),
(4,23,0),
(4,24,0),
(4,25,0),
(4,26,0),
(4,27,0),
(4,28,0),
(4,29,0),
(4,30,0),
(4,31,0),
(4,32,0),
(4,33,0),
(4,34,0),
(5,1,0),
(5,2,0),
(5,3,0),
(5,4,0),
(5,5,1),
(5,6,0),
(5,7,0),
(5,8,0),
(5,9,0),
(5,10,0),
(5,11,0),
(5,12,0),
(5,13,0),
(5,14,0),
(5,15,0),
(5,16,0),
(5,17,0),
(5,18,0),
(5,19,0),
(5,20,0),
(5,21,0),
(5,22,0),
(5,23,0),
(5,24,0),
(5,25,0),
(5,26,0),
(5,27,0),
(5,28,0),
(5,29,0),
(5,30,0),
(5,31,0),
(5,32,0),
(5,33,0),
(5,34,0),
(6,1,0),
(6,2,0),
(6,3,0),
(6,4,0),
(6,5,0),
(6,6,1),
(6,7,0),
(6,8,0),
(6,9,0),
(6,10,0),
(6,11,0),
(6,12,0),
(6,13,0),
(6,14,0),
(6,15,0),
(6,16,0),
(6,17,0),
(6,18,0),
(6,19,0),
(6,20,0),
(6,21,0),
(6,22,0),
(6,23,0),
(6,24,0),
(6,25,0),
(6,26,0),
(6,27,0),
(6,28,0),
(6,29,0),
(6,30,0),
(6,31,0),
(6,32,0),
(6,33,0),
(6,34,0),
(7,1,0),
(7,2,0),
(7,3,0),
(7,4,0),
(7,5,0),
(7,6,0),
(7,7,1),
(7,8,0),
(7,9,0),
(7,10,0),
(7,11,0),
(7,12,0),
(7,13,0),
(7,14,0),
(7,15,0),
(7,16,0),
(7,17,0),
(7,18,0),
(7,19,0),
(7,20,0),
(7,21,0),
(7,22,0),
(7,23,0),
(7,24,0),
(7,25,0),
(7,26,0),
(7,27,0),
(7,28,0),
(7,29,1),
(7,30,0),
(7,31,0),
(7,32,0),
(7,33,0),
(7,34,0),
(8,1,0),
(8,2,0),
(8,3,0),
(8,4,0),
(8,5,0),
(8,6,0),
(8,7,0),
(8,8,0),
(8,9,0),
(8,10,0),
(8,11,0),
(8,12,0),
(8,13,1),
(8,14,0),
(8,15,0),
(8,16,0),
(8,17,0),
(8,18,0),
(8,19,0),
(8,20,0),
(8,21,0),
(8,22,0),
(8,23,0),
(8,24,0),
(8,25,1),
(8,26,0),
(8,27,0),
(8,28,0),
(8,29,0),
(8,30,1),
(8,31,0),
(8,32,0),
(8,33,0),
(8,34,0),
(9,1,0),
(9,2,0),
(9,3,0),
(9,4,0),
(9,5,0),
(9,6,0),
(9,7,0),
(9,8,1),
(9,9,0),
(9,10,0),
(9,11,0),
(9,12,0),
(9,13,0),
(9,14,0),
(9,15,0),
(9,16,0),
(9,17,0),
(9,18,0),
(9,19,0),
(9,20,0),
(9,21,0),
(9,22,0),
(9,23,0),
(9,24,0),
(9,25,0),
(9,26,0),
(9,27,0),
(9,28,0),
(9,29,0),
(9,30,0),
(9,31,0),
(9,32,0),
(9,33,0),
(9,34,0),
(10,1,0),
(10,2,0),
(10,3,0),
(10,4,0),
(10,5,0),
(10,6,0),
(10,7,0),
(10,8,0),
(10,9,0),
(10,10,1),
(10,11,0),
(10,12,0),
(10,13,0),
(10,14,0),
(10,15,0),
(10,16,0),
(10,17,0),
(10,18,0),
(10,19,0),
(10,20,0),
(10,21,0),
(10,22,0),
(10,23,0),
(10,24,0),
(10,25,0),
(10,26,0),
(10,27,0),
(10,28,0),
(10,29,0),
(10,30,0),
(10,31,0),
(10,32,0),
(10,33,0),
(10,34,0),
(11,1,0),
(11,2,0),
(11,3,0),
(11,4,0),
(11,5,0),
(11,6,0),
(11,7,0),
(11,8,0),
(11,9,0),
(11,10,0),
(11,11,1),
(11,12,0),
(11,13,0),
(11,14,0),
(11,15,0),
(11,16,0),
(11,17,0),
(11,18,0),
(11,19,0),
(11,20,0),
(11,21,0),
(11,22,0),
(11,23,0),
(11,24,0),
(11,25,0),
(11,26,1),
(11,27,0),
(11,28,0),
(11,29,0),
(11,30,0),
(11,31,0),
(11,32,0),
(11,33,0),
(11,34,1),
(12,1,0),
(12,2,0),
(12,3,0),
(12,4,0),
(12,5,0),
(12,6,0),
(12,7,0),
(12,8,0),
(12,9,0),
(12,10,0),
(12,11,0),
(12,12,1),
(12,13,0),
(12,14,0),
(12,15,1),
(12,16,0),
(12,17,0),
(12,18,0),
(12,19,0),
(12,20,0),
(12,21,0),
(12,22,0),
(12,23,0),
(12,24,0),
(12,25,0),
(12,26,0),
(12,27,0),
(12,28,0),
(12,29,0),
(12,30,0),
(12,31,1),
(12,32,0),
(12,33,0),
(12,34,0),
(13,1,0),
(13,2,0),
(13,3,0),
(13,4,0),
(13,5,0),
(13,6,0),
(13,7,0),
(13,8,0),
(13,9,0),
(13,10,0),
(13,11,0),
(13,12,0),
(13,13,0),
(13,14,0),
(13,15,0),
(13,16,0),
(13,17,0),
(13,18,0),
(13,19,0),
(13,20,0),
(13,21,0),
(13,22,0),
(13,23,0),
(13,24,0),
(13,25,0),
(13,26,0),
(13,27,0),
(13,28,0),
(13,29,0),
(13,30,0),
(13,31,0),
(13,32,0),
(13,33,0),
(13,34,0),
(14,1,0),
(14,2,0),
(14,3,0),
(14,4,0),
(14,5,0),
(14,6,0),
(14,7,0),
(14,8,0),
(14,9,0),
(14,10,0),
(14,11,0),
(14,12,0),
(14,13,0),
(14,14,0),
(14,15,0),
(14,16,1),
(14,17,0),
(14,18,1),
(14,19,1),
(14,20,0),
(14,21,0),
(14,22,0),
(14,23,0),
(14,24,0),
(14,25,0),
(14,26,0),
(14,27,0),
(14,28,0),
(14,29,0),
(14,30,0),
(14,31,0),
(14,32,0),
(14,33,0),
(14,34,0),
(15,1,0),
(15,2,0),
(15,3,0),
(15,4,0),
(15,5,0),
(15,6,0),
(15,7,0),
(15,8,0),
(15,9,0),
(15,10,0),
(15,11,0),
(15,12,0),
(15,13,0),
(15,14,0),
(15,15,0),
(15,16,0),
(15,17,1),
(15,18,0),
(15,19,0),
(15,20,0),
(15,21,0),
(15,22,1),
(15,23,0),
(15,24,0),
(15,25,0),
(15,26,0),
(15,27,0),
(15,28,0),
(15,29,0),
(15,30,0),
(15,31,0),
(15,32,0),
(15,33,0),
(15,34,0),
(16,1,0),
(16,2,0),
(16,3,0),
(16,4,0),
(16,5,0),
(16,6,0),
(16,7,0),
(16,8,0),
(16,9,0),
(16,10,0),
(16,11,0),
(16,12,0),
(16,13,0),
(16,14,0),
(16,15,0),
(16,16,0),
(16,17,0),
(16,18,0),
(16,19,0),
(16,20,1),
(16,21,0),
(16,22,0),
(16,23,0),
(16,24,0),
(16,25,0),
(16,26,0),
(16,27,0),
(16,28,0),
(16,29,0),
(16,30,0),
(16,31,0),
(16,32,0),
(16,33,0),
(16,34,0),
(17,1,0),
(17,2,0),
(17,3,0),
(17,4,0),
(17,5,0),
(17,6,0),
(17,7,0),
(17,8,0),
(17,9,0),
(17,10,0),
(17,11,0),
(17,12,0),
(17,13,0),
(17,14,0),
(17,15,0),
(17,16,0),
(17,17,0),
(17,18,0),
(17,19,0),
(17,20,0),
(17,21,1),
(17,22,0),
(17,23,0),
(17,24,1),
(17,25,0),
(17,26,0),
(17,27,0),
(17,28,0),
(17,29,0),
(17,30,0),
(17,31,0),
(17,32,1),
(17,33,1),
(17,34,0),
(18,1,0),
(18,2,0),
(18,3,0),
(18,4,0),
(18,5,0),
(18,6,0),
(18,7,0),
(18,8,0),
(18,9,0),
(18,10,0),
(18,11,0),
(18,12,0),
(18,13,0),
(18,14,0),
(18,15,0),
(18,16,0),
(18,17,0),
(18,18,0),
(18,19,0),
(18,20,0),
(18,21,0),
(18,22,0),
(18,23,1),
(18,24,0),
(18,25,0),
(18,26,0),
(18,27,0),
(18,28,0),
(18,29,0),
(18,30,0),
(18,31,0),
(18,32,0),
(18,33,0),
(18,34,0),
(19,1,0),
(19,2,0),
(19,3,0),
(19,4,0),
(19,5,0),
(19,6,0),
(19,7,0),
(19,8,0),
(19,9,0),
(19,10,0),
(19,11,0),
(19,12,0),
(19,13,0),
(19,14,0),
(19,15,0),
(19,16,0),
(19,17,0),
(19,18,0),
(19,19,0),
(19,20,0),
(19,21,0),
(19,22,0),
(19,23,0),
(19,24,0),
(19,25,0),
(19,26,0),
(19,27,1),
(19,28,0),
(19,29,0),
(19,30,0),
(19,31,0),
(19,32,0),
(19,33,0),
(19,34,0),
(20,1,0),
(20,2,0),
(20,3,0),
(20,4,0),
(20,5,0),
(20,6,0),
(20,7,0),
(20,8,0),
(20,9,1),
(20,10,0),
(20,11,0),
(20,12,0),
(20,13,0),
(20,14,0),
(20,15,0),
(20,16,0),
(20,17,0),
(20,18,0),
(20,19,0),
(20,20,0),
(20,21,0),
(20,22,0),
(20,23,0),
(20,24,0),
(20,25,0),
(20,26,0),
(20,27,0),
(20,28,0),
(20,29,0),
(20,30,0),
(20,31,0),
(20,32,0),
(20,33,0),
(20,34,0),
(21,1,0),
(21,2,0),
(21,3,0),
(21,4,0),
(21,5,0),
(21,6,0),
(21,7,0),
(21,8,0),
(21,9,0),
(21,10,0),
(21,11,0),
(21,12,0),
(21,13,0),
(21,14,1),
(21,15,0),
(21,16,0),
(21,17,0),
(21,18,0),
(21,19,0),
(21,20,0),
(21,21,0),
(21,22,0),
(21,23,0),
(21,24,0),
(21,25,0),
(21,26,0),
(21,27,0),
(21,28,0),
(21,29,0),
(21,30,0),
(21,31,0),
(21,32,0),
(21,33,0),
(21,34,0);

/*Table structure for table `hari` */

DROP TABLE IF EXISTS `hari`;

CREATE TABLE `hari` (
  `no` int(20) NOT NULL AUTO_INCREMENT,
  `nama` varchar(225) DEFAULT NULL,
  `status` int(1) DEFAULT NULL,
  PRIMARY KEY (`no`)
) ENGINE=InnoDB AUTO_INCREMENT=6 DEFAULT CHARSET=latin1;

/*Data for the table `hari` */

insert  into `hari`(`no`,`nama`,`status`) values 
(1,'JUMAT',1),
(2,'KAMIS',1),
(3,'RABU',1),
(4,'SELASA',1),
(5,'SENIN',1);

/*Table structure for table `jadwal` */

DROP TABLE IF EXISTS `jadwal`;

CREATE TABLE `jadwal` (
  `id_jadwal` int(20) NOT NULL AUTO_INCREMENT,
  `no_dosen` int(20) DEFAULT NULL,
  `no_matkul` int(20) DEFAULT NULL,
  `no_kelas` int(20) DEFAULT NULL,
  `no_ruangan` int(20) DEFAULT NULL,
  `no_hari` int(20) DEFAULT NULL,
  `no_sesi` int(20) DEFAULT NULL,
  `kategori` int(20) DEFAULT NULL,
  `tot_ruangan` int(20) DEFAULT NULL,
  PRIMARY KEY (`id_jadwal`),
  KEY `fk_jadwaldosen` (`no_dosen`),
  KEY `fk_jadwalhari` (`no_hari`),
  KEY `fk_jadwalsesi` (`no_sesi`),
  KEY `fk_jadwalmatkul` (`no_matkul`),
  KEY `fk_jadwalkelas` (`no_kelas`),
  KEY `fk_jadwalruangan` (`no_ruangan`),
  KEY `fk_jadwalkategori` (`kategori`),
  CONSTRAINT `fk_jadwaldosen` FOREIGN KEY (`no_dosen`) REFERENCES `dosen` (`no`),
  CONSTRAINT `fk_jadwalhari` FOREIGN KEY (`no_hari`) REFERENCES `hari` (`no`),
  CONSTRAINT `fk_jadwalkategori` FOREIGN KEY (`kategori`) REFERENCES `kategori` (`no`),
  CONSTRAINT `fk_jadwalkelas` FOREIGN KEY (`no_kelas`) REFERENCES `kelas` (`no`),
  CONSTRAINT `fk_jadwalmatkul` FOREIGN KEY (`no_matkul`) REFERENCES `matkul` (`no`),
  CONSTRAINT `fk_jadwalruangan` FOREIGN KEY (`no_ruangan`) REFERENCES `ruangan` (`no`),
  CONSTRAINT `fk_jadwalsesi` FOREIGN KEY (`no_sesi`) REFERENCES `sesi` (`no`)
) ENGINE=InnoDB AUTO_INCREMENT=100 DEFAULT CHARSET=latin1;

/*Data for the table `jadwal` */

insert  into `jadwal`(`id_jadwal`,`no_dosen`,`no_matkul`,`no_kelas`,`no_ruangan`,`no_hari`,`no_sesi`,`kategori`,`tot_ruangan`) values 
(1,1,1,1,1,2,7,1,4),
(2,1,1,1,1,2,8,1,4),
(3,1,1,1,1,3,3,1,4),
(4,1,1,1,1,3,4,1,4),
(5,2,2,1,1,4,7,1,4),
(6,2,2,1,1,4,8,1,4),
(7,2,2,1,1,5,7,1,4),
(8,2,2,1,1,5,8,1,4),
(9,2,28,1,23,4,6,2,4),
(10,2,28,1,23,5,5,2,4),
(11,2,28,1,23,5,6,2,4),
(12,3,3,1,1,3,1,1,4),
(13,3,3,1,1,3,2,1,4),
(14,4,4,1,1,2,5,1,4),
(15,4,4,1,1,2,6,1,4),
(16,5,5,1,1,2,3,1,4),
(17,5,5,1,1,2,4,1,4),
(18,6,6,1,1,1,8,1,4),
(19,6,6,1,1,2,2,1,4),
(20,7,7,1,1,4,4,1,4),
(21,7,7,1,1,4,5,1,4),
(22,7,7,1,1,5,3,1,4),
(23,7,7,1,1,5,4,1,4),
(24,7,29,1,20,3,8,2,4),
(25,7,29,1,20,4,2,2,4),
(26,7,29,1,20,4,3,2,4),
(27,7,29,1,20,5,2,2,4),
(28,8,13,2,1,4,8,1,4),
(29,8,13,2,1,5,7,1,4),
(30,8,13,2,28,5,8,1,4),
(31,8,25,4,16,5,5,1,4),
(32,8,25,4,15,5,6,1,4),
(33,8,30,2,25,4,6,2,4),
(34,8,30,2,25,4,7,2,4),
(35,8,30,2,25,5,3,2,4),
(36,8,30,2,25,5,4,2,4),
(37,9,8,2,1,2,6,1,4),
(38,9,8,2,1,3,3,1,4),
(39,9,8,2,1,3,4,1,4),
(40,10,10,2,1,2,4,1,4),
(41,10,10,2,1,2,5,1,4),
(42,10,10,2,1,3,2,1,4),
(43,11,11,2,1,5,5,1,4),
(44,11,11,2,1,5,6,1,4),
(45,11,26,4,13,5,7,1,4),
(46,11,26,4,12,5,8,1,4),
(47,11,34,2,24,3,8,2,4),
(48,11,34,2,24,4,4,2,4),
(49,11,34,2,24,4,5,2,4),
(50,11,34,2,24,5,2,2,4),
(51,12,12,2,1,3,7,1,4),
(52,12,12,2,1,4,2,1,4),
(53,12,12,2,1,4,3,1,4),
(54,12,15,3,1,4,8,1,4),
(55,12,15,3,20,5,3,1,4),
(56,12,15,3,18,5,4,1,4),
(57,12,31,2,21,2,7,2,4),
(58,12,31,2,21,2,8,2,4),
(59,12,31,2,21,3,5,2,4),
(60,12,31,2,21,3,6,2,4),
(61,14,16,3,1,4,7,1,4),
(62,14,16,3,22,5,1,1,4),
(63,14,16,3,21,5,2,1,4),
(64,14,18,3,1,3,8,1,4),
(65,14,18,3,1,4,5,1,4),
(66,14,18,3,1,4,6,1,4),
(67,14,19,3,1,3,7,1,4),
(68,14,19,3,1,4,3,1,4),
(69,14,19,3,1,4,4,1,4),
(70,15,17,3,1,3,5,1,4),
(71,15,17,3,1,3,6,1,4),
(72,15,17,3,1,4,2,1,4),
(73,15,22,4,1,3,7,1,4),
(74,15,22,4,1,4,1,1,4),
(75,15,22,4,17,5,1,1,4),
(76,16,20,3,1,2,3,1,4),
(77,16,20,3,1,3,1,1,4),
(78,17,21,4,1,3,5,1,4),
(79,17,21,4,1,3,6,1,4),
(80,17,24,4,1,2,8,1,4),
(81,17,24,4,1,3,3,1,4),
(82,17,24,4,1,3,4,1,4),
(83,17,32,4,41,2,6,2,4),
(84,17,32,4,41,2,7,2,4),
(85,17,32,4,41,3,1,2,4),
(86,17,32,4,41,3,2,2,4),
(87,17,33,4,41,2,4,2,4),
(88,17,33,4,41,2,5,2,4),
(89,18,23,4,1,1,8,1,4),
(90,18,23,4,1,2,2,1,4),
(91,18,23,4,1,2,3,1,4),
(92,19,27,4,1,1,6,1,4),
(93,19,27,4,1,1,7,1,4),
(94,20,9,2,1,1,8,1,4),
(95,20,9,2,1,2,1,1,4),
(96,20,9,2,1,2,2,1,4),
(97,21,14,3,1,1,6,1,4),
(98,21,14,3,1,1,7,1,4),
(99,21,14,3,1,2,1,1,4);

/*Table structure for table `jarak_ruangan` */

DROP TABLE IF EXISTS `jarak_ruangan`;

CREATE TABLE `jarak_ruangan` (
  `no` int(11) NOT NULL AUTO_INCREMENT,
  `source` int(11) DEFAULT NULL,
  `destination` int(11) DEFAULT NULL,
  `weight` int(11) DEFAULT NULL,
  `stat` int(11) DEFAULT NULL,
  PRIMARY KEY (`no`),
  KEY `fk1` (`source`),
  KEY `fk2` (`destination`),
  KEY `fk3` (`stat`),
  CONSTRAINT `fk1` FOREIGN KEY (`source`) REFERENCES `ruangan` (`no`),
  CONSTRAINT `fk2` FOREIGN KEY (`destination`) REFERENCES `ruangan` (`no`)
) ENGINE=InnoDB AUTO_INCREMENT=1642 DEFAULT CHARSET=latin1;

/*Data for the table `jarak_ruangan` */

insert  into `jarak_ruangan`(`no`,`source`,`destination`,`weight`,`stat`) values 
(1,2,2,0,2),
(2,2,3,1,2),
(3,2,4,1,2),
(4,2,5,1,2),
(5,2,6,1,2),
(6,2,7,1,2),
(7,2,8,1,2),
(8,2,9,1,2),
(9,2,10,1,2),
(10,2,11,1,1),
(11,2,12,1,1),
(12,2,13,1,1),
(13,2,14,1,1),
(14,2,15,1,1),
(15,2,16,1,1),
(16,2,17,1,1),
(17,2,18,1,1),
(18,2,19,1,2),
(19,2,20,2,2),
(20,2,21,2,2),
(21,2,22,2,2),
(22,2,23,2,2),
(23,2,24,2,1),
(24,2,25,2,1),
(25,2,26,4,1),
(26,2,27,4,1),
(27,2,28,4,1),
(28,2,29,4,1),
(29,2,30,4,2),
(30,2,31,4,2),
(31,2,32,5,2),
(32,2,33,5,2),
(33,2,34,5,2),
(34,2,35,5,2),
(35,2,36,5,2),
(36,2,37,5,2),
(37,2,38,5,2),
(38,2,39,5,2),
(39,2,40,5,2),
(40,2,41,5,2),
(41,3,2,1,1),
(42,3,3,0,1),
(43,3,4,1,NULL),
(44,3,5,1,1),
(45,3,6,1,NULL),
(46,3,7,1,NULL),
(47,3,8,1,NULL),
(48,3,9,1,NULL),
(49,3,10,1,NULL),
(50,3,11,1,NULL),
(51,3,12,1,NULL),
(52,3,13,1,NULL),
(53,3,14,1,NULL),
(54,3,15,1,NULL),
(55,3,16,1,NULL),
(56,3,17,1,NULL),
(57,3,18,1,NULL),
(58,3,19,1,NULL),
(59,3,20,2,NULL),
(60,3,21,2,NULL),
(61,3,22,2,NULL),
(62,3,23,2,NULL),
(63,3,24,2,NULL),
(64,3,25,2,NULL),
(65,3,26,4,NULL),
(66,3,27,4,NULL),
(67,3,28,4,NULL),
(68,3,29,4,NULL),
(69,3,30,4,NULL),
(70,3,31,4,NULL),
(71,3,32,5,NULL),
(72,3,33,5,NULL),
(73,3,34,5,NULL),
(74,3,35,5,NULL),
(75,3,36,5,NULL),
(76,3,37,5,NULL),
(77,3,38,5,NULL),
(78,3,39,5,NULL),
(79,3,40,5,NULL),
(80,3,41,5,NULL),
(81,4,2,1,NULL),
(82,4,3,1,NULL),
(83,4,4,0,NULL),
(84,4,5,1,NULL),
(85,4,6,1,NULL),
(86,4,7,1,NULL),
(87,4,8,1,NULL),
(88,4,9,1,NULL),
(89,4,10,1,NULL),
(90,4,11,1,NULL),
(91,4,12,1,NULL),
(92,4,13,1,NULL),
(93,4,14,1,NULL),
(94,4,15,1,NULL),
(95,4,16,1,NULL),
(96,4,17,1,NULL),
(97,4,18,1,NULL),
(98,4,19,1,NULL),
(99,4,20,2,NULL),
(100,4,21,2,NULL),
(101,4,22,2,NULL),
(102,4,23,2,NULL),
(103,4,24,2,NULL),
(104,4,25,2,NULL),
(105,4,26,4,NULL),
(106,4,27,4,NULL),
(107,4,28,4,NULL),
(108,4,29,4,NULL),
(109,4,30,4,NULL),
(110,4,31,4,NULL),
(111,4,32,5,NULL),
(112,4,33,5,NULL),
(113,4,34,5,NULL),
(114,4,35,5,NULL),
(115,4,36,5,NULL),
(116,4,37,5,NULL),
(117,4,38,5,NULL),
(118,4,39,5,NULL),
(119,4,40,5,NULL),
(120,4,41,5,NULL),
(121,5,2,1,NULL),
(122,5,3,1,NULL),
(123,5,4,1,NULL),
(124,5,5,0,NULL),
(125,5,6,1,NULL),
(126,5,7,1,NULL),
(127,5,8,1,NULL),
(128,5,9,1,NULL),
(129,5,10,1,NULL),
(130,5,11,1,NULL),
(131,5,12,1,NULL),
(132,5,13,1,NULL),
(133,5,14,1,NULL),
(134,5,15,1,NULL),
(135,5,16,1,NULL),
(136,5,17,1,NULL),
(137,5,18,1,NULL),
(138,5,19,1,NULL),
(139,5,20,2,NULL),
(140,5,21,2,NULL),
(141,5,22,2,NULL),
(142,5,23,2,NULL),
(143,5,24,2,NULL),
(144,5,25,2,NULL),
(145,5,26,4,NULL),
(146,5,27,4,NULL),
(147,5,28,4,NULL),
(148,5,29,4,NULL),
(149,5,30,4,NULL),
(150,5,31,4,NULL),
(151,5,32,5,NULL),
(152,5,33,5,NULL),
(153,5,34,5,NULL),
(154,5,35,5,NULL),
(155,5,36,5,NULL),
(156,5,37,5,NULL),
(157,5,38,5,NULL),
(158,5,39,5,NULL),
(159,5,40,5,NULL),
(160,5,41,5,NULL),
(161,6,2,1,NULL),
(162,6,3,1,NULL),
(163,6,4,1,NULL),
(164,6,5,1,NULL),
(165,6,6,0,NULL),
(166,6,7,1,NULL),
(167,6,8,1,NULL),
(168,6,9,1,NULL),
(169,6,10,1,NULL),
(170,6,11,1,NULL),
(171,6,12,1,NULL),
(172,6,13,1,NULL),
(173,6,14,1,NULL),
(174,6,15,1,NULL),
(175,6,16,1,NULL),
(176,6,17,1,NULL),
(177,6,18,1,NULL),
(178,6,19,1,NULL),
(179,6,20,2,NULL),
(180,6,21,2,NULL),
(181,6,22,2,NULL),
(182,6,23,2,NULL),
(183,6,24,2,NULL),
(184,6,25,2,NULL),
(185,6,26,4,NULL),
(186,6,27,4,NULL),
(187,6,28,4,NULL),
(188,6,29,4,NULL),
(189,6,30,4,NULL),
(190,6,31,4,NULL),
(191,6,32,5,NULL),
(192,6,33,5,NULL),
(193,6,34,5,NULL),
(194,6,35,5,NULL),
(195,6,36,5,NULL),
(196,6,37,5,NULL),
(197,6,38,5,NULL),
(198,6,39,5,NULL),
(199,6,40,5,NULL),
(200,6,41,5,NULL),
(201,7,2,1,NULL),
(202,7,3,1,NULL),
(203,7,4,1,NULL),
(204,7,5,1,NULL),
(205,7,6,1,NULL),
(206,7,7,0,NULL),
(207,7,8,1,NULL),
(208,7,9,1,NULL),
(209,7,10,1,NULL),
(210,7,11,1,NULL),
(211,7,12,1,NULL),
(212,7,13,1,NULL),
(213,7,14,1,NULL),
(214,7,15,1,NULL),
(215,7,16,1,NULL),
(216,7,17,1,NULL),
(217,7,18,1,NULL),
(218,7,19,1,NULL),
(219,7,20,2,NULL),
(220,7,21,2,NULL),
(221,7,22,2,NULL),
(222,7,23,2,NULL),
(223,7,24,2,NULL),
(224,7,25,2,NULL),
(225,7,26,4,NULL),
(226,7,27,4,NULL),
(227,7,28,4,NULL),
(228,7,29,4,NULL),
(229,7,30,4,NULL),
(230,7,31,4,NULL),
(231,7,32,5,NULL),
(232,7,33,5,NULL),
(233,7,34,5,NULL),
(234,7,35,5,NULL),
(235,7,36,5,NULL),
(236,7,37,5,NULL),
(237,7,38,5,NULL),
(238,7,39,5,NULL),
(239,7,40,5,NULL),
(240,7,41,5,NULL),
(241,8,2,1,NULL),
(242,8,3,1,NULL),
(243,8,4,1,NULL),
(244,8,5,1,NULL),
(245,8,6,1,NULL),
(246,8,7,1,NULL),
(247,8,8,0,NULL),
(248,8,9,1,NULL),
(249,8,10,1,NULL),
(250,8,11,1,NULL),
(251,8,12,1,NULL),
(252,8,13,1,NULL),
(253,8,14,1,NULL),
(254,8,15,1,NULL),
(255,8,16,1,NULL),
(256,8,17,1,NULL),
(257,8,18,1,NULL),
(258,8,19,1,NULL),
(259,8,20,2,NULL),
(260,8,21,2,NULL),
(261,8,22,2,NULL),
(262,8,23,2,NULL),
(263,8,24,2,NULL),
(264,8,25,2,NULL),
(265,8,26,4,NULL),
(266,8,27,4,NULL),
(267,8,28,4,NULL),
(268,8,29,4,NULL),
(269,8,30,4,NULL),
(270,8,31,4,NULL),
(271,8,32,5,NULL),
(272,8,33,5,NULL),
(273,8,34,5,NULL),
(274,8,35,5,NULL),
(275,8,36,5,NULL),
(276,8,37,5,NULL),
(277,8,38,5,NULL),
(278,8,39,5,NULL),
(279,8,40,5,NULL),
(280,8,41,5,NULL),
(281,9,2,1,NULL),
(282,9,3,1,NULL),
(283,9,4,1,NULL),
(284,9,5,1,NULL),
(285,9,6,1,NULL),
(286,9,7,1,NULL),
(287,9,8,1,NULL),
(288,9,9,0,NULL),
(289,9,10,1,NULL),
(290,9,11,1,NULL),
(291,9,12,1,NULL),
(292,9,13,1,NULL),
(293,9,14,1,NULL),
(294,9,15,1,NULL),
(295,9,16,1,NULL),
(296,9,17,1,NULL),
(297,9,18,1,NULL),
(298,9,19,1,NULL),
(299,9,20,2,NULL),
(300,9,21,2,NULL),
(301,9,22,2,NULL),
(302,9,23,2,NULL),
(303,9,24,2,NULL),
(304,9,25,2,NULL),
(305,9,26,4,NULL),
(306,9,27,4,NULL),
(307,9,28,4,NULL),
(308,9,29,4,NULL),
(309,9,30,4,NULL),
(310,9,31,4,NULL),
(311,9,32,5,NULL),
(312,9,33,5,NULL),
(313,9,34,5,NULL),
(314,9,35,5,NULL),
(315,9,36,5,NULL),
(316,9,37,5,NULL),
(317,9,38,5,NULL),
(318,9,39,5,NULL),
(319,9,40,5,NULL),
(320,9,41,5,NULL),
(321,10,2,1,NULL),
(322,10,3,1,NULL),
(323,10,4,1,NULL),
(324,10,5,1,NULL),
(325,10,6,1,NULL),
(326,10,7,1,NULL),
(327,10,8,1,NULL),
(328,10,9,1,NULL),
(329,10,10,0,NULL),
(330,10,11,1,NULL),
(331,10,12,1,NULL),
(332,10,13,1,NULL),
(333,10,14,1,NULL),
(334,10,15,1,NULL),
(335,10,16,1,NULL),
(336,10,17,1,NULL),
(337,10,18,1,NULL),
(338,10,19,1,NULL),
(339,10,20,2,NULL),
(340,10,21,2,NULL),
(341,10,22,2,NULL),
(342,10,23,2,NULL),
(343,10,24,2,NULL),
(344,10,25,2,NULL),
(345,10,26,4,NULL),
(346,10,27,4,NULL),
(347,10,28,4,NULL),
(348,10,29,4,NULL),
(349,10,30,4,NULL),
(350,10,31,4,NULL),
(351,10,32,5,NULL),
(352,10,33,5,NULL),
(353,10,34,5,NULL),
(354,10,35,5,NULL),
(355,10,36,5,NULL),
(356,10,37,5,NULL),
(357,10,38,5,NULL),
(358,10,39,5,NULL),
(359,10,40,5,NULL),
(360,10,41,5,NULL),
(361,11,2,1,NULL),
(362,11,3,1,NULL),
(363,11,4,1,NULL),
(364,11,5,1,NULL),
(365,11,6,1,NULL),
(366,11,7,1,NULL),
(367,11,8,1,NULL),
(368,11,9,1,NULL),
(369,11,10,1,NULL),
(370,11,11,0,NULL),
(371,11,12,1,NULL),
(372,11,13,1,NULL),
(373,11,14,1,NULL),
(374,11,15,1,NULL),
(375,11,16,1,NULL),
(376,11,17,1,NULL),
(377,11,18,1,NULL),
(378,11,19,1,NULL),
(379,11,20,2,NULL),
(380,11,21,2,NULL),
(381,11,22,2,NULL),
(382,11,23,2,NULL),
(383,11,24,2,NULL),
(384,11,25,2,NULL),
(385,11,26,4,NULL),
(386,11,27,4,NULL),
(387,11,28,4,NULL),
(388,11,29,4,NULL),
(389,11,30,4,NULL),
(390,11,31,4,NULL),
(391,11,32,5,NULL),
(392,11,33,5,NULL),
(393,11,34,5,NULL),
(394,11,35,5,NULL),
(395,11,36,5,NULL),
(396,11,37,5,NULL),
(397,11,38,5,NULL),
(398,11,39,5,NULL),
(399,11,40,5,NULL),
(400,11,41,5,NULL),
(401,12,2,1,NULL),
(402,12,3,1,NULL),
(403,12,4,1,NULL),
(404,12,5,1,NULL),
(405,12,6,1,NULL),
(406,12,7,1,NULL),
(407,12,8,1,NULL),
(408,12,9,1,NULL),
(409,12,10,1,NULL),
(410,12,11,1,NULL),
(411,12,12,0,NULL),
(412,12,13,1,NULL),
(413,12,14,1,NULL),
(414,12,15,1,NULL),
(415,12,16,1,NULL),
(416,12,17,1,NULL),
(417,12,18,1,NULL),
(418,12,19,1,NULL),
(419,12,20,2,NULL),
(420,12,21,2,NULL),
(421,12,22,2,NULL),
(422,12,23,2,NULL),
(423,12,24,2,NULL),
(424,12,25,2,NULL),
(425,12,26,4,NULL),
(426,12,27,4,NULL),
(427,12,28,4,NULL),
(428,12,29,4,NULL),
(429,12,30,4,NULL),
(430,12,31,4,NULL),
(431,12,32,5,NULL),
(432,12,33,5,NULL),
(433,12,34,5,NULL),
(434,12,35,5,NULL),
(435,12,36,5,NULL),
(436,12,37,5,NULL),
(437,12,38,5,NULL),
(438,12,39,5,NULL),
(439,12,40,5,NULL),
(440,12,41,5,NULL),
(441,13,2,1,NULL),
(442,13,3,1,NULL),
(443,13,4,1,NULL),
(444,13,5,1,NULL),
(445,13,6,1,NULL),
(446,13,7,1,NULL),
(447,13,8,1,NULL),
(448,13,9,1,NULL),
(449,13,10,1,NULL),
(450,13,11,1,NULL),
(451,13,12,1,NULL),
(452,13,13,0,NULL),
(453,13,14,1,NULL),
(454,13,15,1,NULL),
(455,13,16,1,NULL),
(456,13,17,1,NULL),
(457,13,18,1,NULL),
(458,13,19,1,NULL),
(459,13,20,2,NULL),
(460,13,21,2,NULL),
(461,13,22,2,NULL),
(462,13,23,2,NULL),
(463,13,24,2,NULL),
(464,13,25,2,NULL),
(465,13,26,4,NULL),
(466,13,27,4,NULL),
(467,13,28,4,NULL),
(468,13,29,4,NULL),
(469,13,30,4,NULL),
(470,13,31,4,NULL),
(471,13,32,5,NULL),
(472,13,33,5,NULL),
(473,13,34,5,NULL),
(474,13,35,5,NULL),
(475,13,36,5,NULL),
(476,13,37,5,NULL),
(477,13,38,5,NULL),
(478,13,39,5,NULL),
(479,13,40,5,NULL),
(480,13,41,5,NULL),
(481,14,2,1,NULL),
(482,14,3,1,NULL),
(483,14,4,1,NULL),
(484,14,5,1,NULL),
(485,14,6,1,NULL),
(486,14,7,1,NULL),
(487,14,8,1,NULL),
(488,14,9,1,NULL),
(489,14,10,1,NULL),
(490,14,11,1,NULL),
(491,14,12,1,NULL),
(492,14,13,1,NULL),
(493,14,14,0,NULL),
(494,14,15,1,NULL),
(495,14,16,1,NULL),
(496,14,17,1,NULL),
(497,14,18,1,NULL),
(498,14,19,1,NULL),
(499,14,20,2,NULL),
(500,14,21,2,NULL),
(501,14,22,2,NULL),
(502,14,23,2,NULL),
(503,14,24,2,NULL),
(504,14,25,2,NULL),
(505,14,26,4,NULL),
(506,14,27,4,NULL),
(507,14,28,4,NULL),
(508,14,29,4,NULL),
(509,14,30,4,NULL),
(510,14,31,4,NULL),
(511,14,32,5,NULL),
(512,14,33,5,NULL),
(513,14,34,5,NULL),
(514,14,35,5,NULL),
(515,14,36,5,NULL),
(516,14,37,5,NULL),
(517,14,38,5,NULL),
(518,14,39,5,NULL),
(519,14,40,5,NULL),
(520,14,41,5,NULL),
(521,15,2,1,NULL),
(522,15,3,1,NULL),
(523,15,4,1,NULL),
(524,15,5,1,NULL),
(525,15,6,1,NULL),
(526,15,7,1,NULL),
(527,15,8,1,NULL),
(528,15,9,1,NULL),
(529,15,10,1,NULL),
(530,15,11,1,NULL),
(531,15,12,1,NULL),
(532,15,13,1,NULL),
(533,15,14,1,NULL),
(534,15,15,0,NULL),
(535,15,16,1,NULL),
(536,15,17,1,NULL),
(537,15,18,1,NULL),
(538,15,19,1,NULL),
(539,15,20,2,NULL),
(540,15,21,2,NULL),
(541,15,22,2,NULL),
(542,15,23,2,NULL),
(543,15,24,2,NULL),
(544,15,25,2,NULL),
(545,15,26,4,NULL),
(546,15,27,4,NULL),
(547,15,28,4,NULL),
(548,15,29,4,NULL),
(549,15,30,4,NULL),
(550,15,31,4,NULL),
(551,15,32,5,NULL),
(552,15,33,5,NULL),
(553,15,34,5,NULL),
(554,15,35,5,NULL),
(555,15,36,5,NULL),
(556,15,37,5,NULL),
(557,15,38,5,NULL),
(558,15,39,5,NULL),
(559,15,40,5,NULL),
(560,15,41,5,NULL),
(561,16,2,1,NULL),
(562,16,3,1,NULL),
(563,16,4,1,NULL),
(564,16,5,1,NULL),
(565,16,6,1,NULL),
(566,16,7,1,NULL),
(567,16,8,1,NULL),
(568,16,9,1,NULL),
(569,16,10,1,NULL),
(570,16,11,1,NULL),
(571,16,12,1,NULL),
(572,16,13,1,NULL),
(573,16,14,1,NULL),
(574,16,15,1,NULL),
(575,16,16,1,NULL),
(576,16,17,1,NULL),
(577,16,18,1,NULL),
(578,16,19,1,NULL),
(579,16,20,2,NULL),
(580,16,21,2,NULL),
(581,16,22,2,NULL),
(582,16,23,2,NULL),
(583,16,24,2,NULL),
(584,16,25,2,NULL),
(585,16,26,4,NULL),
(586,16,27,4,NULL),
(587,16,28,4,NULL),
(588,16,29,4,NULL),
(589,16,30,4,NULL),
(590,16,31,4,NULL),
(591,16,32,5,NULL),
(592,16,33,5,NULL),
(593,16,34,5,NULL),
(594,16,35,5,NULL),
(595,16,36,5,NULL),
(596,16,37,5,NULL),
(597,16,38,5,NULL),
(598,16,39,5,NULL),
(599,16,40,5,NULL),
(600,16,41,5,NULL),
(601,17,2,1,NULL),
(602,17,3,1,NULL),
(603,17,4,1,NULL),
(604,17,5,1,NULL),
(605,17,6,1,NULL),
(606,17,7,1,NULL),
(607,17,8,1,NULL),
(608,17,9,1,NULL),
(609,17,10,1,NULL),
(610,17,11,1,NULL),
(611,17,12,1,NULL),
(612,17,13,1,NULL),
(613,17,14,1,NULL),
(614,17,15,1,NULL),
(615,17,16,1,NULL),
(616,17,17,0,NULL),
(617,17,18,1,NULL),
(618,17,19,1,NULL),
(619,17,20,2,NULL),
(620,17,21,2,NULL),
(621,17,22,2,NULL),
(622,17,23,2,NULL),
(623,17,24,2,NULL),
(624,17,25,2,NULL),
(625,17,26,4,NULL),
(626,17,27,4,NULL),
(627,17,28,4,NULL),
(628,17,29,4,NULL),
(629,17,30,4,NULL),
(630,17,31,4,NULL),
(631,17,32,5,NULL),
(632,17,33,5,NULL),
(633,17,34,5,NULL),
(634,17,35,5,NULL),
(635,17,36,5,NULL),
(636,17,37,5,NULL),
(637,17,38,5,NULL),
(638,17,39,5,NULL),
(639,17,40,5,NULL),
(640,17,41,5,NULL),
(641,18,2,1,NULL),
(642,18,3,1,NULL),
(643,18,4,1,NULL),
(644,18,5,1,NULL),
(645,18,6,1,NULL),
(646,18,7,1,NULL),
(647,18,8,1,NULL),
(648,18,9,1,NULL),
(649,18,10,1,NULL),
(650,18,11,1,NULL),
(651,18,12,1,NULL),
(652,18,13,1,NULL),
(653,18,14,1,NULL),
(654,18,15,1,NULL),
(655,18,16,1,NULL),
(656,18,17,1,NULL),
(657,18,18,0,NULL),
(658,18,19,1,NULL),
(659,18,20,1,NULL),
(660,18,21,1,NULL),
(661,18,22,2,NULL),
(662,18,23,2,NULL),
(663,18,24,2,NULL),
(664,18,25,2,NULL),
(665,18,26,4,NULL),
(666,18,27,4,NULL),
(667,18,28,4,NULL),
(668,18,29,4,NULL),
(669,18,30,4,NULL),
(670,18,31,5,NULL),
(671,18,32,5,NULL),
(672,18,33,5,NULL),
(673,18,34,5,NULL),
(674,18,35,5,NULL),
(675,18,36,5,NULL),
(676,18,37,5,NULL),
(677,18,38,5,NULL),
(678,18,39,5,NULL),
(679,18,40,5,NULL),
(680,18,41,5,NULL),
(681,19,2,1,NULL),
(682,19,3,1,NULL),
(683,19,4,1,NULL),
(684,19,5,1,NULL),
(685,19,6,1,NULL),
(686,19,7,1,NULL),
(687,19,8,1,NULL),
(688,19,9,1,NULL),
(689,19,10,1,NULL),
(690,19,11,1,NULL),
(691,19,12,1,NULL),
(692,19,13,1,NULL),
(693,19,14,1,NULL),
(694,19,15,1,NULL),
(695,19,16,1,NULL),
(696,19,17,1,NULL),
(697,19,18,1,NULL),
(698,19,19,0,NULL),
(699,19,20,2,NULL),
(700,19,21,2,NULL),
(701,19,22,2,NULL),
(702,19,23,2,NULL),
(703,19,24,2,NULL),
(704,19,25,2,NULL),
(705,19,26,4,NULL),
(706,19,27,4,NULL),
(707,19,28,4,NULL),
(708,19,29,4,NULL),
(709,19,30,4,NULL),
(710,19,31,4,NULL),
(711,19,32,5,NULL),
(712,19,33,5,NULL),
(713,19,34,5,NULL),
(714,19,35,5,NULL),
(715,19,36,5,NULL),
(716,19,37,5,NULL),
(717,19,38,5,NULL),
(718,19,39,5,NULL),
(719,19,40,5,NULL),
(720,19,41,5,NULL),
(721,20,2,2,NULL),
(722,20,3,2,NULL),
(723,20,4,2,NULL),
(724,20,5,2,NULL),
(725,20,6,2,NULL),
(726,20,7,2,NULL),
(727,20,8,2,NULL),
(728,20,9,2,NULL),
(729,20,10,2,NULL),
(730,20,11,2,NULL),
(731,20,12,2,NULL),
(732,20,13,2,NULL),
(733,20,14,2,NULL),
(734,20,15,2,NULL),
(735,20,16,2,NULL),
(736,20,17,2,NULL),
(737,20,18,2,NULL),
(738,20,19,2,NULL),
(739,20,20,0,NULL),
(740,20,21,1,NULL),
(741,20,22,1,NULL),
(742,20,23,1,NULL),
(743,20,24,1,NULL),
(744,20,25,1,NULL),
(745,20,26,4,NULL),
(746,20,27,4,NULL),
(747,20,28,4,NULL),
(748,20,29,4,NULL),
(749,20,30,4,NULL),
(750,20,31,4,NULL),
(751,20,32,5,NULL),
(752,20,33,5,NULL),
(753,20,34,5,NULL),
(754,20,35,5,NULL),
(755,20,36,5,NULL),
(756,20,37,5,NULL),
(757,20,38,5,NULL),
(758,20,39,5,NULL),
(759,20,40,5,NULL),
(760,20,41,5,NULL),
(761,21,2,2,NULL),
(762,21,3,2,NULL),
(763,21,4,2,NULL),
(764,21,5,2,NULL),
(765,21,6,2,NULL),
(766,21,7,2,NULL),
(767,21,8,2,NULL),
(768,21,9,2,NULL),
(769,21,10,2,NULL),
(770,21,11,2,NULL),
(771,21,12,2,NULL),
(772,21,13,2,NULL),
(773,21,14,2,NULL),
(774,21,15,2,NULL),
(775,21,16,2,NULL),
(776,21,17,2,NULL),
(777,21,18,2,NULL),
(778,21,19,2,NULL),
(779,21,20,1,NULL),
(780,21,21,0,NULL),
(781,21,22,1,NULL),
(782,21,23,1,NULL),
(783,21,24,1,NULL),
(784,21,25,1,NULL),
(785,21,26,4,NULL),
(786,21,27,4,NULL),
(787,21,28,4,NULL),
(788,21,29,4,NULL),
(789,21,30,4,NULL),
(790,21,31,4,NULL),
(791,21,32,5,NULL),
(792,21,33,5,NULL),
(793,21,34,5,NULL),
(794,21,35,5,NULL),
(795,21,36,5,NULL),
(796,21,37,5,NULL),
(797,21,38,5,NULL),
(798,21,39,5,NULL),
(799,21,40,5,NULL),
(800,21,41,5,NULL),
(801,22,2,2,NULL),
(802,22,3,2,NULL),
(803,22,4,2,NULL),
(804,22,5,2,NULL),
(805,22,6,2,NULL),
(806,22,7,2,NULL),
(807,22,8,2,NULL),
(808,22,9,2,NULL),
(809,22,10,2,NULL),
(810,22,11,2,NULL),
(811,22,12,2,NULL),
(812,22,13,2,NULL),
(813,22,14,2,NULL),
(814,22,15,2,NULL),
(815,22,16,2,NULL),
(816,22,17,2,NULL),
(817,22,18,2,NULL),
(818,22,19,2,NULL),
(819,22,20,1,NULL),
(820,22,21,1,NULL),
(821,22,22,0,NULL),
(822,22,23,1,NULL),
(823,22,24,1,NULL),
(824,22,25,1,NULL),
(825,22,26,4,NULL),
(826,22,27,4,NULL),
(827,22,28,4,NULL),
(828,22,29,4,NULL),
(829,22,30,4,NULL),
(830,22,31,4,NULL),
(831,22,32,5,NULL),
(832,22,33,5,NULL),
(833,22,34,5,NULL),
(834,22,35,5,NULL),
(835,22,36,5,NULL),
(836,22,37,5,NULL),
(837,22,38,5,NULL),
(838,22,39,5,NULL),
(839,22,40,5,NULL),
(840,22,41,5,NULL),
(841,23,2,2,2),
(842,23,3,2,1),
(843,23,4,2,1),
(844,23,5,2,1),
(845,23,6,2,2),
(846,23,7,2,2),
(847,23,8,2,2),
(848,23,9,2,2),
(849,23,10,2,2),
(850,23,11,2,2),
(851,23,12,2,2),
(852,23,13,2,2),
(853,23,14,2,1),
(854,23,15,2,1),
(855,23,16,2,1),
(856,23,17,2,1),
(857,23,18,2,2),
(858,23,19,2,1),
(859,23,20,1,2),
(860,23,21,1,1),
(861,23,22,1,2),
(862,23,23,0,1),
(863,23,24,1,2),
(864,23,25,1,1),
(865,23,26,4,2),
(866,23,27,4,1),
(867,23,28,4,2),
(868,23,29,4,2),
(869,23,30,4,1),
(870,23,31,4,1),
(871,23,32,5,1),
(872,23,33,5,2),
(873,23,34,5,2),
(874,23,35,5,2),
(875,23,36,5,2),
(876,23,37,5,2),
(877,23,38,5,1),
(878,23,39,5,1),
(879,23,40,5,1),
(880,23,41,5,1),
(881,24,2,2,NULL),
(882,24,3,2,NULL),
(883,24,4,2,NULL),
(884,24,5,2,NULL),
(885,24,6,2,NULL),
(886,24,7,2,NULL),
(887,24,8,2,NULL),
(888,24,9,2,NULL),
(889,24,10,2,NULL),
(890,24,11,2,NULL),
(891,24,12,2,NULL),
(892,24,13,2,NULL),
(893,24,14,2,NULL),
(894,24,15,2,NULL),
(895,24,16,2,NULL),
(896,24,17,2,NULL),
(897,24,18,2,NULL),
(898,24,19,2,NULL),
(899,24,20,1,NULL),
(900,24,21,1,NULL),
(901,24,22,1,NULL),
(902,24,23,1,NULL),
(903,24,24,0,NULL),
(904,24,25,1,NULL),
(905,24,26,4,NULL),
(906,24,27,4,NULL),
(907,24,28,4,NULL),
(908,24,29,4,NULL),
(909,24,30,4,NULL),
(910,24,31,4,NULL),
(911,24,32,5,NULL),
(912,24,33,5,NULL),
(913,24,34,5,NULL),
(914,24,35,5,NULL),
(915,24,36,5,NULL),
(916,24,37,5,NULL),
(917,24,38,5,NULL),
(918,24,39,5,NULL),
(919,24,40,5,NULL),
(920,24,41,5,NULL),
(921,25,2,2,NULL),
(922,25,3,2,NULL),
(923,25,4,2,NULL),
(924,25,5,2,NULL),
(925,25,6,2,NULL),
(926,25,7,2,NULL),
(927,25,8,2,NULL),
(928,25,9,2,NULL),
(929,25,10,2,NULL),
(930,25,11,2,NULL),
(931,25,12,2,NULL),
(932,25,13,2,NULL),
(933,25,14,2,NULL),
(934,25,15,2,NULL),
(935,25,16,2,NULL),
(936,25,17,2,NULL),
(937,25,18,2,NULL),
(938,25,19,2,NULL),
(939,25,20,1,NULL),
(940,25,21,1,NULL),
(941,25,22,1,NULL),
(942,25,23,1,NULL),
(943,25,24,1,NULL),
(944,25,25,0,NULL),
(945,25,26,4,NULL),
(946,25,27,4,NULL),
(947,25,28,4,NULL),
(948,25,29,4,NULL),
(949,25,30,4,NULL),
(950,25,31,4,NULL),
(951,25,32,5,NULL),
(952,25,33,5,NULL),
(953,25,34,5,NULL),
(954,25,35,5,NULL),
(955,25,36,5,NULL),
(956,25,37,5,NULL),
(957,25,38,5,NULL),
(958,25,39,5,NULL),
(959,25,40,5,NULL),
(960,25,41,5,NULL),
(961,26,2,4,NULL),
(962,26,3,4,NULL),
(963,26,4,4,NULL),
(964,26,5,4,NULL),
(965,26,6,4,NULL),
(966,26,7,4,NULL),
(967,26,8,4,NULL),
(968,26,9,4,NULL),
(969,26,10,4,NULL),
(970,26,11,4,NULL),
(971,26,12,4,NULL),
(972,26,13,4,NULL),
(973,26,14,4,NULL),
(974,26,15,4,NULL),
(975,26,16,4,NULL),
(976,26,17,4,NULL),
(977,26,18,4,NULL),
(978,26,19,4,NULL),
(979,26,20,4,NULL),
(980,26,21,4,NULL),
(981,26,22,4,NULL),
(982,26,23,4,NULL),
(983,26,24,4,NULL),
(984,26,25,4,NULL),
(985,26,26,0,NULL),
(986,26,27,1,NULL),
(987,26,28,1,NULL),
(988,26,29,1,NULL),
(989,26,30,1,NULL),
(990,26,31,1,NULL),
(991,26,32,2,NULL),
(992,26,33,2,NULL),
(993,26,34,2,NULL),
(994,26,35,2,NULL),
(995,26,36,2,NULL),
(996,26,37,2,NULL),
(997,26,38,2,NULL),
(998,26,39,2,NULL),
(999,26,40,2,NULL),
(1000,26,41,2,NULL),
(1001,27,2,4,NULL),
(1002,27,3,4,NULL),
(1003,27,4,4,NULL),
(1004,27,5,4,NULL),
(1005,27,6,4,NULL),
(1006,27,7,4,NULL),
(1007,27,8,4,NULL),
(1008,27,9,4,NULL),
(1009,27,10,4,NULL),
(1010,27,11,4,NULL),
(1011,27,12,4,NULL),
(1012,27,13,4,NULL),
(1013,27,14,4,NULL),
(1014,27,15,4,NULL),
(1015,27,16,4,NULL),
(1016,27,17,4,NULL),
(1017,27,18,4,NULL),
(1018,27,19,4,NULL),
(1019,27,20,4,NULL),
(1020,27,21,4,NULL),
(1021,27,22,4,NULL),
(1022,27,23,4,NULL),
(1023,27,24,4,NULL),
(1024,27,25,4,NULL),
(1025,27,26,1,NULL),
(1026,27,27,0,NULL),
(1027,27,28,1,NULL),
(1028,27,29,1,NULL),
(1029,27,30,1,NULL),
(1030,27,31,1,NULL),
(1031,27,32,2,NULL),
(1032,27,33,2,NULL),
(1033,27,34,2,NULL),
(1034,27,35,2,NULL),
(1035,27,36,2,NULL),
(1036,27,37,2,NULL),
(1037,27,38,2,NULL),
(1038,27,39,2,NULL),
(1039,27,40,2,NULL),
(1040,27,41,2,NULL),
(1041,28,2,4,NULL),
(1042,28,3,4,NULL),
(1043,28,4,4,NULL),
(1044,28,5,4,NULL),
(1045,28,6,4,NULL),
(1046,28,7,4,NULL),
(1047,28,8,4,NULL),
(1048,28,9,4,NULL),
(1049,28,10,4,NULL),
(1050,28,11,4,NULL),
(1051,28,12,4,NULL),
(1052,28,13,4,NULL),
(1053,28,14,4,NULL),
(1054,28,15,4,NULL),
(1055,28,16,4,NULL),
(1056,28,17,4,NULL),
(1057,28,18,4,NULL),
(1058,28,19,4,NULL),
(1059,28,20,4,NULL),
(1060,28,21,4,NULL),
(1061,28,22,4,NULL),
(1062,28,23,4,NULL),
(1063,28,24,4,NULL),
(1064,28,25,4,NULL),
(1065,28,26,1,NULL),
(1066,28,27,1,NULL),
(1067,28,28,0,NULL),
(1068,28,29,1,NULL),
(1069,28,30,1,NULL),
(1070,28,31,1,NULL),
(1071,28,32,2,NULL),
(1072,28,33,2,NULL),
(1073,28,34,2,NULL),
(1074,28,35,2,NULL),
(1075,28,36,2,NULL),
(1076,28,37,2,NULL),
(1077,28,38,2,NULL),
(1078,28,39,2,NULL),
(1079,28,40,2,NULL),
(1080,28,41,2,NULL),
(1081,29,2,4,NULL),
(1082,29,3,4,NULL),
(1083,29,4,4,NULL),
(1084,29,5,4,NULL),
(1085,29,6,4,NULL),
(1086,29,7,4,NULL),
(1087,29,8,4,NULL),
(1088,29,9,4,NULL),
(1089,29,10,4,NULL),
(1090,29,11,4,NULL),
(1091,29,12,4,NULL),
(1092,29,13,4,NULL),
(1093,29,14,4,NULL),
(1094,29,15,4,NULL),
(1095,29,16,4,NULL),
(1096,29,17,4,NULL),
(1097,29,18,4,NULL),
(1098,29,19,4,NULL),
(1099,29,20,4,NULL),
(1100,29,21,4,NULL),
(1101,29,22,4,NULL),
(1102,29,23,4,NULL),
(1103,29,24,4,NULL),
(1104,29,25,4,NULL),
(1105,29,26,1,NULL),
(1106,29,27,1,NULL),
(1107,29,28,1,NULL),
(1108,29,29,0,NULL),
(1109,29,30,1,NULL),
(1110,29,31,1,NULL),
(1111,29,32,2,NULL),
(1112,29,33,2,NULL),
(1113,29,34,2,NULL),
(1114,29,35,2,NULL),
(1115,29,36,2,NULL),
(1116,29,37,2,NULL),
(1117,29,38,2,NULL),
(1118,29,39,2,NULL),
(1119,29,40,2,NULL),
(1120,29,41,2,NULL),
(1121,30,2,4,NULL),
(1122,30,3,4,NULL),
(1123,30,4,4,NULL),
(1124,30,5,4,NULL),
(1125,30,6,4,NULL),
(1126,30,7,4,NULL),
(1127,30,8,4,NULL),
(1128,30,9,4,NULL),
(1129,30,10,4,NULL),
(1130,30,11,4,NULL),
(1131,30,12,4,NULL),
(1132,30,13,4,NULL),
(1133,30,14,4,NULL),
(1134,30,15,4,NULL),
(1135,30,16,4,NULL),
(1136,30,17,4,NULL),
(1137,30,18,4,NULL),
(1138,30,19,4,NULL),
(1139,30,20,4,NULL),
(1140,30,21,4,NULL),
(1141,30,22,4,NULL),
(1142,30,23,4,NULL),
(1143,30,24,4,NULL),
(1144,30,25,4,NULL),
(1145,30,26,1,NULL),
(1146,30,27,1,NULL),
(1147,30,28,1,NULL),
(1148,30,29,1,NULL),
(1149,30,30,0,NULL),
(1150,30,31,1,NULL),
(1151,30,32,2,NULL),
(1152,30,33,2,NULL),
(1153,30,34,2,NULL),
(1154,30,35,2,NULL),
(1155,30,36,2,NULL),
(1156,30,37,2,NULL),
(1157,30,38,2,NULL),
(1158,30,39,2,NULL),
(1159,30,40,2,NULL),
(1160,30,41,2,NULL),
(1161,31,2,4,NULL),
(1162,31,3,4,NULL),
(1163,31,4,4,NULL),
(1164,31,5,4,NULL),
(1165,31,6,4,NULL),
(1166,31,7,4,NULL),
(1167,31,8,4,NULL),
(1168,31,9,4,NULL),
(1169,31,10,4,NULL),
(1170,31,11,4,NULL),
(1171,31,12,4,NULL),
(1172,31,13,4,NULL),
(1173,31,14,4,NULL),
(1174,31,15,4,NULL),
(1175,31,16,4,NULL),
(1176,31,17,4,NULL),
(1177,31,18,4,NULL),
(1178,31,19,4,NULL),
(1179,31,20,4,NULL),
(1180,31,21,4,NULL),
(1181,31,22,4,NULL),
(1182,31,23,4,NULL),
(1183,31,24,4,NULL),
(1184,31,25,4,NULL),
(1185,31,26,1,NULL),
(1186,31,27,1,NULL),
(1187,31,28,1,NULL),
(1188,31,29,1,NULL),
(1189,31,30,1,NULL),
(1190,31,31,0,NULL),
(1191,31,32,2,NULL),
(1192,31,33,2,NULL),
(1193,31,34,2,NULL),
(1194,31,35,2,NULL),
(1195,31,36,2,NULL),
(1196,31,37,2,NULL),
(1197,31,38,2,NULL),
(1198,31,39,2,NULL),
(1199,31,40,2,NULL),
(1200,31,41,2,NULL),
(1201,32,2,5,NULL),
(1202,32,3,5,NULL),
(1203,32,4,5,NULL),
(1204,32,5,5,NULL),
(1205,32,6,5,NULL),
(1206,32,7,5,NULL),
(1207,32,8,5,NULL),
(1208,32,9,5,NULL),
(1209,32,10,5,NULL),
(1210,32,11,5,NULL),
(1211,32,12,5,NULL),
(1212,32,13,5,NULL),
(1213,32,14,5,NULL),
(1214,32,15,5,NULL),
(1215,32,16,5,NULL),
(1216,32,17,5,NULL),
(1217,32,18,5,NULL),
(1218,32,19,5,NULL),
(1219,32,20,5,NULL),
(1220,32,21,5,NULL),
(1221,32,22,5,NULL),
(1222,32,23,5,NULL),
(1223,32,24,5,NULL),
(1224,32,25,5,NULL),
(1225,32,26,2,NULL),
(1226,32,27,2,NULL),
(1227,32,28,2,NULL),
(1228,32,29,2,NULL),
(1229,32,30,2,NULL),
(1230,32,31,2,NULL),
(1231,32,32,0,NULL),
(1232,32,33,1,NULL),
(1233,32,34,1,NULL),
(1234,32,35,1,NULL),
(1235,32,36,1,NULL),
(1236,32,37,1,NULL),
(1237,32,38,1,NULL),
(1238,32,39,1,NULL),
(1239,32,40,1,NULL),
(1240,32,41,1,NULL),
(1241,33,2,5,NULL),
(1242,33,3,5,NULL),
(1243,33,4,5,NULL),
(1244,33,5,5,NULL),
(1245,33,6,5,NULL),
(1246,33,7,5,NULL),
(1247,33,8,5,NULL),
(1248,33,9,5,NULL),
(1249,33,10,5,NULL),
(1250,33,11,5,NULL),
(1251,33,12,5,NULL),
(1252,33,13,5,NULL),
(1253,33,14,5,NULL),
(1254,33,15,5,NULL),
(1255,33,16,5,NULL),
(1256,33,17,5,NULL),
(1257,33,18,5,NULL),
(1258,33,19,5,NULL),
(1259,33,20,5,NULL),
(1260,33,21,5,NULL),
(1261,33,22,5,NULL),
(1262,33,23,5,NULL),
(1263,33,24,5,NULL),
(1264,33,25,5,NULL),
(1265,33,26,2,NULL),
(1266,33,27,2,NULL),
(1267,33,28,2,NULL),
(1268,33,29,2,NULL),
(1269,33,30,2,NULL),
(1270,33,31,2,NULL),
(1271,33,32,1,NULL),
(1272,33,33,0,NULL),
(1273,33,34,1,NULL),
(1274,33,35,1,NULL),
(1275,33,36,1,NULL),
(1276,33,37,1,NULL),
(1277,33,38,1,NULL),
(1278,33,39,1,NULL),
(1279,33,40,1,NULL),
(1280,33,41,1,NULL),
(1281,34,2,5,NULL),
(1282,34,3,5,NULL),
(1283,34,4,5,NULL),
(1284,34,5,5,NULL),
(1285,34,6,5,NULL),
(1286,34,7,5,NULL),
(1287,34,8,5,NULL),
(1288,34,9,5,NULL),
(1289,34,10,5,NULL),
(1290,34,11,5,NULL),
(1291,34,12,5,NULL),
(1292,34,13,5,NULL),
(1293,34,14,5,NULL),
(1294,34,15,5,NULL),
(1295,34,16,5,NULL),
(1296,34,17,5,NULL),
(1297,34,18,5,NULL),
(1298,34,19,5,NULL),
(1299,34,20,5,NULL),
(1300,34,21,5,NULL),
(1301,34,22,5,NULL),
(1302,34,23,5,NULL),
(1303,34,24,5,NULL),
(1304,34,25,5,NULL),
(1305,34,26,2,NULL),
(1306,34,27,2,NULL),
(1307,34,28,2,NULL),
(1308,34,29,2,NULL),
(1309,34,30,2,NULL),
(1310,34,31,2,NULL),
(1311,34,32,1,NULL),
(1312,34,33,1,NULL),
(1313,34,34,0,NULL),
(1314,34,35,1,NULL),
(1315,34,36,1,NULL),
(1316,34,37,1,NULL),
(1317,34,38,1,NULL),
(1318,34,39,1,NULL),
(1319,34,40,1,NULL),
(1320,34,41,1,NULL),
(1321,35,2,5,NULL),
(1322,35,3,5,NULL),
(1323,35,4,5,NULL),
(1324,35,5,5,NULL),
(1325,35,6,5,NULL),
(1326,35,7,5,NULL),
(1327,35,8,5,NULL),
(1328,35,9,5,NULL),
(1329,35,10,5,NULL),
(1330,35,11,5,NULL),
(1331,35,12,5,NULL),
(1332,35,13,5,NULL),
(1333,35,14,5,NULL),
(1334,35,15,5,NULL),
(1335,35,16,5,NULL),
(1336,35,17,5,NULL),
(1337,35,18,5,NULL),
(1338,35,19,5,NULL),
(1339,35,20,5,NULL),
(1340,35,21,5,NULL),
(1341,35,22,5,NULL),
(1342,35,23,5,NULL),
(1343,35,24,5,NULL),
(1344,35,25,5,NULL),
(1345,35,26,2,NULL),
(1346,35,27,2,NULL),
(1347,35,28,2,NULL),
(1348,35,29,2,NULL),
(1349,35,30,2,NULL),
(1350,35,31,2,NULL),
(1351,35,32,1,NULL),
(1352,35,33,1,NULL),
(1353,35,34,1,NULL),
(1354,35,35,0,NULL),
(1355,35,36,1,NULL),
(1356,35,37,1,NULL),
(1357,35,38,1,NULL),
(1358,35,39,1,NULL),
(1359,35,40,1,NULL),
(1360,35,41,1,NULL),
(1361,36,2,5,NULL),
(1362,36,3,5,NULL),
(1363,36,4,5,NULL),
(1364,36,5,5,NULL),
(1365,36,6,5,NULL),
(1366,36,7,5,NULL),
(1367,36,8,5,NULL),
(1368,36,9,5,NULL),
(1369,36,10,5,NULL),
(1370,36,11,5,NULL),
(1371,36,12,5,NULL),
(1372,36,13,5,NULL),
(1373,36,14,5,NULL),
(1374,36,15,5,NULL),
(1375,36,16,5,NULL),
(1376,36,17,5,NULL),
(1377,36,18,5,NULL),
(1378,36,19,5,NULL),
(1379,36,20,5,NULL),
(1380,36,21,5,NULL),
(1381,36,22,5,NULL),
(1382,36,23,5,NULL),
(1383,36,24,5,NULL),
(1384,36,25,5,NULL),
(1385,36,26,2,NULL),
(1386,36,27,2,NULL),
(1387,36,28,2,NULL),
(1388,36,29,2,NULL),
(1389,36,30,2,NULL),
(1390,36,31,2,NULL),
(1391,36,32,1,NULL),
(1392,36,33,1,NULL),
(1393,36,34,1,NULL),
(1394,36,35,1,NULL),
(1395,36,36,0,NULL),
(1396,36,37,1,NULL),
(1397,36,38,1,NULL),
(1398,36,39,1,NULL),
(1399,36,40,1,NULL),
(1400,36,41,1,NULL),
(1401,37,2,5,NULL),
(1402,37,3,5,NULL),
(1403,37,4,5,NULL),
(1404,37,5,5,NULL),
(1405,37,6,5,NULL),
(1406,37,7,5,NULL),
(1407,37,8,5,NULL),
(1408,37,9,5,NULL),
(1409,37,10,5,NULL),
(1410,37,11,5,NULL),
(1411,37,12,5,NULL),
(1412,37,13,5,NULL),
(1413,37,14,5,NULL),
(1414,37,15,5,NULL),
(1415,37,16,5,NULL),
(1416,37,17,5,NULL),
(1417,37,18,5,NULL),
(1418,37,19,5,NULL),
(1419,37,20,5,NULL),
(1420,37,21,5,NULL),
(1421,37,22,5,NULL),
(1422,37,23,5,NULL),
(1423,37,24,5,NULL),
(1424,37,25,5,NULL),
(1425,37,26,2,NULL),
(1426,37,27,2,NULL),
(1427,37,28,2,NULL),
(1428,37,29,2,NULL),
(1429,37,30,2,NULL),
(1430,37,31,2,NULL),
(1431,37,32,1,NULL),
(1432,37,33,1,NULL),
(1433,37,34,1,NULL),
(1434,37,35,1,NULL),
(1435,37,36,1,NULL),
(1436,37,37,0,NULL),
(1437,37,38,1,NULL),
(1438,37,39,1,NULL),
(1439,37,40,1,NULL),
(1440,37,41,1,NULL),
(1441,38,2,5,NULL),
(1442,38,3,5,NULL),
(1443,38,4,5,NULL),
(1444,38,5,5,NULL),
(1445,38,6,5,NULL),
(1446,38,7,5,NULL),
(1447,38,8,5,NULL),
(1448,38,9,5,NULL),
(1449,38,10,5,NULL),
(1450,38,11,5,NULL),
(1451,38,12,5,NULL),
(1452,38,13,5,NULL),
(1453,38,14,5,NULL),
(1454,38,15,5,NULL),
(1455,38,16,5,NULL),
(1456,38,17,5,NULL),
(1457,38,18,5,NULL),
(1458,38,19,5,NULL),
(1459,38,20,5,NULL),
(1460,38,21,5,NULL),
(1461,38,22,5,NULL),
(1462,38,23,5,NULL),
(1463,38,24,5,NULL),
(1464,38,25,5,NULL),
(1465,38,26,2,NULL),
(1466,38,27,2,NULL),
(1467,38,28,2,NULL),
(1468,38,29,2,NULL),
(1469,38,30,2,NULL),
(1470,38,31,2,NULL),
(1471,38,32,1,NULL),
(1472,38,33,1,NULL),
(1473,38,34,1,NULL),
(1474,38,35,1,NULL),
(1475,38,36,1,NULL),
(1476,38,37,1,NULL),
(1477,38,38,0,NULL),
(1478,38,39,1,NULL),
(1479,38,40,1,NULL),
(1480,38,41,1,NULL),
(1481,39,2,5,NULL),
(1482,39,3,5,NULL),
(1483,39,4,5,NULL),
(1484,39,5,5,NULL),
(1485,39,6,5,NULL),
(1486,39,7,5,NULL),
(1487,39,8,5,NULL),
(1488,39,9,5,NULL),
(1489,39,10,5,NULL),
(1490,39,11,5,NULL),
(1491,39,12,5,NULL),
(1492,39,13,5,NULL),
(1493,39,14,5,NULL),
(1494,39,15,5,NULL),
(1495,39,16,5,NULL),
(1496,39,17,5,NULL),
(1497,39,18,5,NULL),
(1498,39,19,5,NULL),
(1499,39,20,5,NULL),
(1500,39,21,5,NULL),
(1501,39,22,5,NULL),
(1502,39,23,5,NULL),
(1503,39,24,5,NULL),
(1504,39,25,5,NULL),
(1505,39,26,2,NULL),
(1506,39,27,2,NULL),
(1507,39,28,2,NULL),
(1508,39,29,2,NULL),
(1509,39,30,2,NULL),
(1510,39,31,2,NULL),
(1511,39,32,1,NULL),
(1512,39,33,1,NULL),
(1513,39,34,1,NULL),
(1514,39,35,1,NULL),
(1515,39,36,1,NULL),
(1516,39,37,1,NULL),
(1517,39,38,1,NULL),
(1518,39,39,0,NULL),
(1519,39,40,1,NULL),
(1520,39,41,1,NULL),
(1521,40,2,5,NULL),
(1522,40,3,5,NULL),
(1523,40,4,5,NULL),
(1524,40,5,5,NULL),
(1525,40,6,5,NULL),
(1526,40,7,5,NULL),
(1527,40,8,5,NULL),
(1528,40,9,5,NULL),
(1529,40,10,5,NULL),
(1530,40,11,5,NULL),
(1531,40,12,5,NULL),
(1532,40,13,5,NULL),
(1533,40,14,5,NULL),
(1534,40,15,5,NULL),
(1535,40,16,5,NULL),
(1536,40,17,5,NULL),
(1537,40,18,5,NULL),
(1538,40,19,5,NULL),
(1539,40,20,5,NULL),
(1540,40,21,5,NULL),
(1541,40,22,5,NULL),
(1542,40,23,5,NULL),
(1543,40,24,5,NULL),
(1544,40,25,5,NULL),
(1545,40,26,2,NULL),
(1546,40,27,2,NULL),
(1547,40,28,2,NULL),
(1548,40,29,2,NULL),
(1549,40,30,2,NULL),
(1550,40,31,2,NULL),
(1551,40,32,1,NULL),
(1552,40,33,1,NULL),
(1553,40,34,1,NULL),
(1554,40,35,1,NULL),
(1555,40,36,1,NULL),
(1556,40,37,1,NULL),
(1557,40,38,1,NULL),
(1558,40,39,1,NULL),
(1559,40,40,0,NULL),
(1560,40,41,1,NULL),
(1561,41,2,5,NULL),
(1562,41,3,5,NULL),
(1563,41,4,5,NULL),
(1564,41,5,5,NULL),
(1565,41,6,5,NULL),
(1566,41,7,5,NULL),
(1567,41,8,5,NULL),
(1568,41,9,5,NULL),
(1569,41,10,5,NULL),
(1570,41,11,5,NULL),
(1571,41,12,5,NULL),
(1572,41,13,5,NULL),
(1573,41,14,5,NULL),
(1574,41,15,5,NULL),
(1575,41,16,5,NULL),
(1576,41,17,5,NULL),
(1577,41,18,5,NULL),
(1578,41,19,5,NULL),
(1579,41,20,5,NULL),
(1580,41,21,5,NULL),
(1581,41,22,5,NULL),
(1582,41,23,5,NULL),
(1583,41,24,5,NULL),
(1584,41,25,5,NULL),
(1585,41,26,2,NULL),
(1586,41,27,2,NULL),
(1587,41,28,2,NULL),
(1588,41,29,2,NULL),
(1589,41,30,2,NULL),
(1590,41,31,2,NULL),
(1591,41,32,1,NULL),
(1592,41,33,1,NULL),
(1593,41,34,1,NULL),
(1594,41,35,1,NULL),
(1595,41,36,1,NULL),
(1596,41,37,1,NULL),
(1597,41,38,1,NULL),
(1598,41,39,1,NULL),
(1599,41,40,1,NULL),
(1600,41,41,0,NULL),
(1601,1,1,0,NULL),
(1602,1,2,0,NULL),
(1603,1,3,0,NULL),
(1604,1,4,0,NULL),
(1605,1,5,0,NULL),
(1606,1,6,0,NULL),
(1607,1,7,0,NULL),
(1608,1,8,0,NULL),
(1609,1,9,0,NULL),
(1610,1,10,0,NULL),
(1611,1,11,0,NULL),
(1612,1,12,0,NULL),
(1613,1,13,0,NULL),
(1614,1,14,0,NULL),
(1615,1,15,0,NULL),
(1616,1,16,0,NULL),
(1617,1,17,0,NULL),
(1618,1,18,0,NULL),
(1619,1,19,0,NULL),
(1620,1,20,0,NULL),
(1621,1,21,0,NULL),
(1622,1,22,0,NULL),
(1623,1,23,0,NULL),
(1624,1,24,0,NULL),
(1625,1,25,0,NULL),
(1626,1,26,0,NULL),
(1627,1,27,0,NULL),
(1628,1,28,0,NULL),
(1629,1,29,0,NULL),
(1630,1,30,0,NULL),
(1631,1,31,0,NULL),
(1632,1,32,0,NULL),
(1633,1,33,0,NULL),
(1634,1,34,0,NULL),
(1635,1,35,0,NULL),
(1636,1,36,0,NULL),
(1637,1,37,0,NULL),
(1638,1,38,0,NULL),
(1639,1,39,0,NULL),
(1640,1,40,0,NULL),
(1641,1,41,0,NULL);

/*Table structure for table `kategori` */

DROP TABLE IF EXISTS `kategori`;

CREATE TABLE `kategori` (
  `no` int(11) NOT NULL AUTO_INCREMENT,
  `nama` varchar(200) DEFAULT NULL,
  PRIMARY KEY (`no`)
) ENGINE=InnoDB AUTO_INCREMENT=6 DEFAULT CHARSET=latin1;

/*Data for the table `kategori` */

insert  into `kategori`(`no`,`nama`) values 
(1,'Teori'),
(2,'Praktikum'),
(3,'Teori/Praktikum'),
(4,'Laboratorium'),
(5,'Lab Fisika');

/*Table structure for table `kelas` */

DROP TABLE IF EXISTS `kelas`;

CREATE TABLE `kelas` (
  `no` int(20) NOT NULL AUTO_INCREMENT,
  `nama` varchar(225) DEFAULT NULL,
  `jumlah` int(20) DEFAULT NULL,
  PRIMARY KEY (`no`)
) ENGINE=InnoDB AUTO_INCREMENT=5 DEFAULT CHARSET=latin1;

/*Data for the table `kelas` */

insert  into `kelas`(`no`,`nama`,`jumlah`) values 
(1,'11TB',30),
(2,'12TB',30),
(3,'13TB',30),
(4,'14TB',30);

/*Table structure for table `matkul` */

DROP TABLE IF EXISTS `matkul`;

CREATE TABLE `matkul` (
  `no` int(20) NOT NULL AUTO_INCREMENT,
  `nama` varchar(225) DEFAULT NULL,
  `sks` int(20) DEFAULT NULL,
  `jumlah` int(20) DEFAULT NULL,
  `kategori` int(11) DEFAULT NULL,
  PRIMARY KEY (`no`),
  KEY `fk_matkul_kategori` (`kategori`),
  CONSTRAINT `fk_matkul_kategori` FOREIGN KEY (`kategori`) REFERENCES `kategori` (`no`)
) ENGINE=InnoDB AUTO_INCREMENT=35 DEFAULT CHARSET=latin1;

/*Data for the table `matkul` */

insert  into `matkul`(`no`,`nama`,`sks`,`jumlah`,`kategori`) values 
(1,'MADAS 1',4,30,1),
(2,'FISDAS 1',4,30,1),
(3,'STA',2,30,1),
(4,'ENG 1',2,30,1),
(5,'PTI',2,30,1),
(6,'DELCHA',2,30,1),
(7,'KIMDAS',4,30,1),
(8,'ALJALI',3,30,1),
(9,'ALNUM',3,30,1),
(10,'PDO',3,30,1),
(11,'MIKRUM',2,30,1),
(12,'KIMFIS',3,30,1),
(13,'BIOKIM',3,30,1),
(14,'PROBSTAT',3,30,1),
(15,'AKRB',3,30,1),
(16,'FENOPOR',3,30,1),
(17,'APKP 2',3,30,1),
(18,'OFP 2',3,30,1),
(19,'PP',3,30,1),
(20,'KST',2,30,1),
(21,'PIP',2,30,1),
(22,'SPP',3,30,1),
(23,'UPL',3,30,1),
(24,'TRB',3,30,1),
(25,'PEN I',2,30,1),
(26,'AITB',2,30,1),
(27,'PC',2,30,1),
(28,'PRAK FISDAS 1',3,30,2),
(29,'PRAK KIMDAS',4,30,2),
(30,'PRAK KIMOR',4,30,2),
(31,'PRAK KIMFIS',4,30,2),
(32,'PRAK PIP',4,30,2),
(33,'MATLAB',2,30,2),
(34,'PRAK MIKRUM',4,30,2);

/*Table structure for table `matkul_kelas` */

DROP TABLE IF EXISTS `matkul_kelas`;

CREATE TABLE `matkul_kelas` (
  `no_matkul` int(20) DEFAULT NULL,
  `no_kelas` int(20) DEFAULT NULL,
  `nilai` int(20) DEFAULT NULL,
  KEY `fk_matkul` (`no_matkul`),
  KEY `fk_kelas` (`no_kelas`),
  CONSTRAINT `fk_kelas` FOREIGN KEY (`no_kelas`) REFERENCES `kelas` (`no`),
  CONSTRAINT `fk_matkul` FOREIGN KEY (`no_matkul`) REFERENCES `matkul` (`no`)
) ENGINE=InnoDB DEFAULT CHARSET=latin1;

/*Data for the table `matkul_kelas` */

insert  into `matkul_kelas`(`no_matkul`,`no_kelas`,`nilai`) values 
(1,1,1),
(1,2,0),
(1,3,0),
(1,4,0),
(2,1,1),
(2,2,0),
(2,3,0),
(2,4,0),
(3,1,1),
(3,2,0),
(3,3,0),
(3,4,0),
(4,1,1),
(4,2,0),
(4,3,0),
(4,4,0),
(5,1,1),
(5,2,0),
(5,3,0),
(5,4,0),
(6,1,1),
(6,2,0),
(6,3,0),
(6,4,0),
(7,1,1),
(7,2,0),
(7,3,0),
(7,4,0),
(8,1,0),
(8,2,1),
(8,3,0),
(8,4,0),
(9,1,0),
(9,2,1),
(9,3,0),
(9,4,0),
(10,1,0),
(10,2,1),
(10,3,0),
(10,4,0),
(11,1,0),
(11,2,1),
(11,3,0),
(11,4,0),
(12,1,0),
(12,2,1),
(12,3,0),
(12,4,0),
(13,1,0),
(13,2,1),
(13,3,0),
(13,4,0),
(14,1,0),
(14,2,0),
(14,3,1),
(14,4,0),
(15,1,0),
(15,2,0),
(15,3,1),
(15,4,0),
(16,1,0),
(16,2,0),
(16,3,1),
(16,4,0),
(17,1,0),
(17,2,0),
(17,3,1),
(17,4,0),
(18,1,0),
(18,2,0),
(18,3,1),
(18,4,0),
(19,1,0),
(19,2,0),
(19,3,1),
(19,4,0),
(20,1,0),
(20,2,0),
(20,3,1),
(20,4,0),
(21,1,0),
(21,2,0),
(21,3,0),
(21,4,1),
(22,1,0),
(22,2,0),
(22,3,0),
(22,4,1),
(23,1,0),
(23,2,0),
(23,3,0),
(23,4,1),
(24,1,0),
(24,2,0),
(24,3,0),
(24,4,1),
(25,1,0),
(25,2,0),
(25,3,0),
(25,4,1),
(26,1,0),
(26,2,0),
(26,3,0),
(26,4,1),
(27,1,0),
(27,2,0),
(27,3,0),
(27,4,1),
(28,1,1),
(28,2,0),
(28,3,0),
(28,4,0),
(29,1,1),
(29,2,0),
(29,3,0),
(29,4,0),
(30,1,0),
(30,2,1),
(30,3,0),
(30,4,0),
(31,1,0),
(31,2,1),
(31,3,0),
(31,4,0),
(32,1,0),
(32,2,0),
(32,3,0),
(32,4,1),
(33,1,0),
(33,2,0),
(33,3,0),
(33,4,1),
(34,1,0),
(34,2,1),
(34,3,0),
(34,4,0);

/*Table structure for table `ruangan` */

DROP TABLE IF EXISTS `ruangan`;

CREATE TABLE `ruangan` (
  `no` int(20) NOT NULL AUTO_INCREMENT,
  `nama` varchar(225) DEFAULT NULL,
  `kapasitas` int(20) DEFAULT NULL,
  `status` int(20) DEFAULT NULL,
  `kategori` int(1) DEFAULT NULL,
  PRIMARY KEY (`no`)
) ENGINE=InnoDB AUTO_INCREMENT=42 DEFAULT CHARSET=latin1;

/*Data for the table `ruangan` */

insert  into `ruangan`(`no`,`nama`,`kapasitas`,`status`,`kategori`) values 
(1,'Belum di-set',0,3,NULL),
(2,'GD912',30,2,4),
(3,'GD913',60,2,1),
(4,'GD914',60,2,1),
(5,'GD915',60,2,1),
(6,'GD916',30,2,4),
(7,'GD917',30,2,4),
(8,'GD923',60,2,1),
(9,'GD924',60,2,1),
(10,'GD925',60,2,1),
(11,'GD927',60,2,1),
(12,'GD928',60,2,1),
(13,'GD933',60,2,1),
(14,'GD934',60,2,1),
(15,'GD935',60,2,1),
(16,'GD937',60,2,1),
(17,'GD938',60,2,1),
(18,'GD942',60,2,1),
(19,'GD943',60,2,1),
(20,'GD812',30,2,4),
(21,'GD814',30,2,4),
(22,'GD815',30,2,4),
(23,'LAB FISIKA',30,1,5),
(24,'GD825',30,1,4),
(25,'GD826',30,1,4),
(26,'GD514',30,1,2),
(27,'GD515',30,1,2),
(28,'GD516',60,2,1),
(29,'GD524',30,1,2),
(30,'GD525',30,1,3),
(31,'GD526',30,1,3),
(32,'GD711',30,1,2),
(33,'GD712',30,1,2),
(34,'GD713',30,1,2),
(35,'GD714',30,1,2),
(36,'GD721',60,1,1),
(37,'GD722',150,1,1),
(38,'GD723',60,1,2),
(39,'GD724',30,1,2),
(40,'GD725',30,1,2),
(41,'GD726',30,1,4);

/*Table structure for table `sesi` */

DROP TABLE IF EXISTS `sesi`;

CREATE TABLE `sesi` (
  `no` int(20) NOT NULL AUTO_INCREMENT,
  `nama` varchar(225) DEFAULT NULL,
  `status` int(1) DEFAULT NULL,
  PRIMARY KEY (`no`)
) ENGINE=InnoDB AUTO_INCREMENT=9 DEFAULT CHARSET=latin1;

/*Data for the table `sesi` */

insert  into `sesi`(`no`,`nama`,`status`) values 
(1,'SESI 8',1),
(2,'SESI 7',1),
(3,'SESI 6',1),
(4,'SESI 5',1),
(5,'SESI 4',1),
(6,'SESI 3',1),
(7,'SESI 2',1),
(8,'SESI 1',1);

/*Table structure for table `status` */

DROP TABLE IF EXISTS `status`;

CREATE TABLE `status` (
  `no` int(1) NOT NULL AUTO_INCREMENT,
  `status` varchar(225) DEFAULT NULL,
  PRIMARY KEY (`no`)
) ENGINE=InnoDB AUTO_INCREMENT=3 DEFAULT CHARSET=latin1;

/*Data for the table `status` */

insert  into `status`(`no`,`status`) values 
(1,'Terisi'),
(2,'Kosong');

/*!40101 SET SQL_MODE=@OLD_SQL_MODE */;
/*!40014 SET FOREIGN_KEY_CHECKS=@OLD_FOREIGN_KEY_CHECKS */;
/*!40014 SET UNIQUE_CHECKS=@OLD_UNIQUE_CHECKS */;
/*!40111 SET SQL_NOTES=@OLD_SQL_NOTES */;
