/*
SQLyog Ultimate v12.5.1 (64 bit)
MySQL - 10.1.21-MariaDB : Database - penjadwalan_sarjana
*********************************************************************
*/

/*!40101 SET NAMES utf8 */;

/*!40101 SET SQL_MODE=''*/;

/*!40014 SET @OLD_UNIQUE_CHECKS=@@UNIQUE_CHECKS, UNIQUE_CHECKS=0 */;
/*!40014 SET @OLD_FOREIGN_KEY_CHECKS=@@FOREIGN_KEY_CHECKS, FOREIGN_KEY_CHECKS=0 */;
/*!40101 SET @OLD_SQL_MODE=@@SQL_MODE, SQL_MODE='NO_AUTO_VALUE_ON_ZERO' */;
/*!40111 SET @OLD_SQL_NOTES=@@SQL_NOTES, SQL_NOTES=0 */;
CREATE DATABASE /*!32312 IF NOT EXISTS*/`penjadwalan_sarjana` /*!40100 DEFAULT CHARACTER SET latin1 */;

USE `penjadwalan_sarjana`;

/*Table structure for table `dosen` */

DROP TABLE IF EXISTS `dosen`;

CREATE TABLE `dosen` (
  `no` int(20) NOT NULL AUTO_INCREMENT,
  `nama` varchar(225) NOT NULL,
  PRIMARY KEY (`no`)
) ENGINE=InnoDB AUTO_INCREMENT=28 DEFAULT CHARSET=latin1;

/*Data for the table `dosen` */

insert  into `dosen`(`no`,`nama`) values 
(1,'IFY'),
(2,'NMA'),
(3,'MMM'),
(4,'RMM'),
(5,'ASD'),
(6,'ANA'),
(7,'YYS'),
(8,'GDE'),
(9,'PAT'),
(10,'LMG'),
(11,'ICB'),
(12,'ESS'),
(13,'ART'),
(14,'MPR'),
(15,'RCS'),
(16,'AMS'),
(17,'PN'),
(18,'TNT'),
(19,'TMP'),
(20,'ACB'),
(21,'GFP'),
(22,'MSS'),
(23,'THS'),
(24,'SGS'),
(25,'JUN'),
(26,'MSL'),
(27,'REG');

/*Table structure for table `dosen_matkul` */

DROP TABLE IF EXISTS `dosen_matkul`;

CREATE TABLE `dosen_matkul` (
  `no_dosen` int(20) DEFAULT NULL,
  `no_matkul` int(20) DEFAULT NULL,
  `nilai` int(20) DEFAULT NULL,
  KEY `fk_dosen` (`no_dosen`),
  KEY `fk_matkul2` (`no_matkul`),
  CONSTRAINT `fk_dosen` FOREIGN KEY (`no_dosen`) REFERENCES `dosen` (`no`),
  CONSTRAINT `fk_matkul2` FOREIGN KEY (`no_matkul`) REFERENCES `matkul` (`no`)
) ENGINE=InnoDB DEFAULT CHARSET=latin1;

/*Data for the table `dosen_matkul` */

insert  into `dosen_matkul`(`no_dosen`,`no_matkul`,`nilai`) values 
(1,1,0),
(1,2,0),
(1,3,0),
(1,4,0),
(1,5,0),
(1,6,0),
(1,7,0),
(1,8,0),
(1,9,0),
(1,10,0),
(1,11,0),
(1,12,1),
(1,13,0),
(1,14,0),
(1,15,0),
(1,16,0),
(1,17,0),
(1,18,0),
(1,19,0),
(1,20,0),
(1,21,0),
(1,22,0),
(1,23,0),
(1,24,0),
(1,25,0),
(1,26,0),
(1,27,0),
(1,28,0),
(1,29,0),
(1,30,0),
(1,31,0),
(1,32,0),
(1,33,0),
(1,34,0),
(1,35,0),
(1,36,0),
(1,37,0),
(1,38,0),
(1,39,0),
(1,40,0),
(1,41,0),
(1,42,0),
(1,43,0),
(1,44,0),
(1,45,0),
(1,46,0),
(2,1,0),
(2,2,1),
(2,3,0),
(2,4,0),
(2,5,0),
(2,6,0),
(2,7,0),
(2,8,0),
(2,9,0),
(2,10,0),
(2,11,0),
(2,12,0),
(2,13,0),
(2,14,0),
(2,15,0),
(2,16,0),
(2,17,0),
(2,18,0),
(2,19,0),
(2,20,0),
(2,21,1),
(2,22,0),
(2,23,0),
(2,24,0),
(2,25,0),
(2,26,0),
(2,27,0),
(2,28,0),
(2,29,1),
(2,30,0),
(2,31,0),
(2,32,0),
(2,33,0),
(2,34,0),
(2,35,0),
(2,36,0),
(2,37,0),
(2,38,0),
(2,39,0),
(2,40,0),
(2,41,0),
(2,42,0),
(2,43,0),
(2,44,0),
(2,45,0),
(2,46,0),
(3,1,0),
(3,2,0),
(3,3,1),
(3,4,0),
(3,5,0),
(3,6,0),
(3,7,0),
(3,8,0),
(3,9,0),
(3,10,0),
(3,11,0),
(3,12,0),
(3,13,0),
(3,14,0),
(3,15,0),
(3,16,0),
(3,17,0),
(3,18,0),
(3,19,0),
(3,20,0),
(3,21,0),
(3,22,0),
(3,23,0),
(3,24,0),
(3,25,0),
(3,26,0),
(3,27,0),
(3,28,0),
(3,29,0),
(3,30,1),
(3,31,0),
(3,32,0),
(3,33,0),
(3,34,0),
(3,35,0),
(3,36,0),
(3,37,0),
(3,38,0),
(3,39,0),
(3,40,0),
(3,41,0),
(3,42,0),
(3,43,0),
(3,44,0),
(3,45,0),
(3,46,0),
(4,1,0),
(4,2,0),
(4,3,0),
(4,4,1),
(4,5,0),
(4,6,0),
(4,7,0),
(4,8,0),
(4,9,0),
(4,10,0),
(4,11,0),
(4,12,0),
(4,13,0),
(4,14,0),
(4,15,0),
(4,16,0),
(4,17,0),
(4,18,0),
(4,19,0),
(4,20,0),
(4,21,0),
(4,22,0),
(4,23,0),
(4,24,0),
(4,25,0),
(4,26,0),
(4,27,0),
(4,28,0),
(4,29,0),
(4,30,0),
(4,31,0),
(4,32,0),
(4,33,0),
(4,34,0),
(4,35,0),
(4,36,0),
(4,37,0),
(4,38,0),
(4,39,0),
(4,40,0),
(4,41,0),
(4,42,0),
(4,43,0),
(4,44,0),
(4,45,0),
(4,46,0),
(5,1,0),
(5,2,0),
(5,3,0),
(5,4,0),
(5,5,1),
(5,6,0),
(5,7,0),
(5,8,0),
(5,9,0),
(5,10,0),
(5,11,0),
(5,12,0),
(5,13,0),
(5,14,0),
(5,15,0),
(5,16,0),
(5,17,1),
(5,18,0),
(5,19,0),
(5,20,0),
(5,21,0),
(5,22,0),
(5,23,0),
(5,24,0),
(5,25,0),
(5,26,0),
(5,27,0),
(5,28,0),
(5,29,0),
(5,30,0),
(5,31,0),
(5,32,1),
(5,33,0),
(5,34,0),
(5,35,0),
(5,36,0),
(5,37,0),
(5,38,0),
(5,39,0),
(5,40,0),
(5,41,0),
(5,42,0),
(5,43,0),
(5,44,0),
(5,45,0),
(5,46,0),
(6,1,0),
(6,2,0),
(6,3,0),
(6,4,0),
(6,5,0),
(6,6,1),
(6,7,0),
(6,8,0),
(6,9,0),
(6,10,0),
(6,11,0),
(6,12,0),
(6,13,0),
(6,14,0),
(6,15,0),
(6,16,0),
(6,17,0),
(6,18,0),
(6,19,0),
(6,20,0),
(6,21,0),
(6,22,0),
(6,23,0),
(6,24,0),
(6,25,0),
(6,26,0),
(6,27,0),
(6,28,0),
(6,29,0),
(6,30,0),
(6,31,0),
(6,32,0),
(6,33,1),
(6,34,0),
(6,35,0),
(6,36,0),
(6,37,0),
(6,38,1),
(6,39,0),
(6,40,0),
(6,41,0),
(6,42,0),
(6,43,0),
(6,44,0),
(6,45,0),
(6,46,0),
(7,1,0),
(7,2,0),
(7,3,0),
(7,4,0),
(7,5,0),
(7,6,0),
(7,7,1),
(7,8,0),
(7,9,1),
(7,10,0),
(7,11,0),
(7,12,0),
(7,13,0),
(7,14,0),
(7,15,0),
(7,16,1),
(7,17,0),
(7,18,0),
(7,19,0),
(7,20,0),
(7,21,0),
(7,22,0),
(7,23,0),
(7,24,0),
(7,25,0),
(7,26,0),
(7,27,0),
(7,28,0),
(7,29,0),
(7,30,0),
(7,31,0),
(7,32,0),
(7,33,0),
(7,34,0),
(7,35,0),
(7,36,1),
(7,37,0),
(7,38,0),
(7,39,0),
(7,40,0),
(7,41,0),
(7,42,0),
(7,43,0),
(7,44,0),
(7,45,0),
(7,46,0),
(8,1,0),
(8,2,0),
(8,3,0),
(8,4,0),
(8,5,0),
(8,6,0),
(8,7,0),
(8,8,1),
(8,9,0),
(8,10,0),
(8,11,0),
(8,12,0),
(8,13,0),
(8,14,0),
(8,15,0),
(8,16,0),
(8,17,0),
(8,18,0),
(8,19,0),
(8,20,0),
(8,21,0),
(8,22,0),
(8,23,0),
(8,24,0),
(8,25,0),
(8,26,0),
(8,27,0),
(8,28,0),
(8,29,0),
(8,30,0),
(8,31,0),
(8,32,0),
(8,33,0),
(8,34,0),
(8,35,1),
(8,36,0),
(8,37,0),
(8,38,0),
(8,39,0),
(8,40,0),
(8,41,0),
(8,42,0),
(8,43,0),
(8,44,0),
(8,45,0),
(8,46,0),
(9,1,0),
(9,2,0),
(9,3,0),
(9,4,0),
(9,5,0),
(9,6,0),
(9,7,0),
(9,8,0),
(9,9,0),
(9,10,1),
(9,11,0),
(9,12,0),
(9,13,0),
(9,14,0),
(9,15,0),
(9,16,0),
(9,17,0),
(9,18,0),
(9,19,0),
(9,20,0),
(9,21,0),
(9,22,0),
(9,23,0),
(9,24,0),
(9,25,0),
(9,26,0),
(9,27,0),
(9,28,0),
(9,29,0),
(9,30,0),
(9,31,0),
(9,32,0),
(9,33,0),
(9,34,0),
(9,35,0),
(9,36,0),
(9,37,1),
(9,38,0),
(9,39,0),
(9,40,0),
(9,41,0),
(9,42,0),
(9,43,0),
(9,44,0),
(9,45,0),
(9,46,0),
(10,1,0),
(10,2,0),
(10,3,0),
(10,4,0),
(10,5,0),
(10,6,0),
(10,7,0),
(10,8,0),
(10,9,0),
(10,10,0),
(10,11,1),
(10,12,0),
(10,13,0),
(10,14,0),
(10,15,0),
(10,16,0),
(10,17,0),
(10,18,0),
(10,19,0),
(10,20,0),
(10,21,0),
(10,22,0),
(10,23,0),
(10,24,0),
(10,25,0),
(10,26,0),
(10,27,0),
(10,28,0),
(10,29,0),
(10,30,0),
(10,31,0),
(10,32,0),
(10,33,0),
(10,34,0),
(10,35,0),
(10,36,0),
(10,37,0),
(10,38,0),
(10,39,0),
(10,40,0),
(10,41,0),
(10,42,0),
(10,43,0),
(10,44,0),
(10,45,0),
(10,46,0),
(11,1,0),
(11,2,0),
(11,3,0),
(11,4,0),
(11,5,0),
(11,6,0),
(11,7,0),
(11,8,0),
(11,9,0),
(11,10,0),
(11,11,0),
(11,12,0),
(11,13,1),
(11,14,0),
(11,15,0),
(11,16,0),
(11,17,0),
(11,18,0),
(11,19,0),
(11,20,1),
(11,21,0),
(11,22,1),
(11,23,0),
(11,24,0),
(11,25,0),
(11,26,0),
(11,27,0),
(11,28,0),
(11,29,0),
(11,30,0),
(11,31,0),
(11,32,0),
(11,33,0),
(11,34,0),
(11,35,0),
(11,36,0),
(11,37,0),
(11,38,0),
(11,39,0),
(11,40,0),
(11,41,0),
(11,42,0),
(11,43,0),
(11,44,0),
(11,45,0),
(11,46,0),
(12,1,0),
(12,2,0),
(12,3,0),
(12,4,0),
(12,5,0),
(12,6,0),
(12,7,0),
(12,8,0),
(12,9,0),
(12,10,0),
(12,11,0),
(12,12,0),
(12,13,0),
(12,14,1),
(12,15,0),
(12,16,0),
(12,17,0),
(12,18,0),
(12,19,0),
(12,20,0),
(12,21,0),
(12,22,0),
(12,23,0),
(12,24,0),
(12,25,0),
(12,26,0),
(12,27,0),
(12,28,0),
(12,29,0),
(12,30,0),
(12,31,0),
(12,32,0),
(12,33,0),
(12,34,0),
(12,35,0),
(12,36,0),
(12,37,0),
(12,38,0),
(12,39,0),
(12,40,0),
(12,41,1),
(12,42,0),
(12,43,0),
(12,44,0),
(12,45,0),
(12,46,0),
(13,1,0),
(13,2,0),
(13,3,0),
(13,4,0),
(13,5,0),
(13,6,0),
(13,7,0),
(13,8,0),
(13,9,0),
(13,10,0),
(13,11,0),
(13,12,0),
(13,13,0),
(13,14,0),
(13,15,1),
(13,16,0),
(13,17,0),
(13,18,0),
(13,19,0),
(13,20,0),
(13,21,0),
(13,22,0),
(13,23,0),
(13,24,0),
(13,25,0),
(13,26,0),
(13,27,0),
(13,28,0),
(13,29,0),
(13,30,0),
(13,31,0),
(13,32,0),
(13,33,0),
(13,34,0),
(13,35,0),
(13,36,0),
(13,37,0),
(13,38,0),
(13,39,0),
(13,40,0),
(13,41,0),
(13,42,0),
(13,43,0),
(13,44,0),
(13,45,0),
(13,46,0),
(14,1,0),
(14,2,0),
(14,3,0),
(14,4,0),
(14,5,0),
(14,6,0),
(14,7,0),
(14,8,0),
(14,9,0),
(14,10,0),
(14,11,0),
(14,12,0),
(14,13,0),
(14,14,0),
(14,15,0),
(14,16,0),
(14,17,0),
(14,18,1),
(14,19,0),
(14,20,0),
(14,21,0),
(14,22,0),
(14,23,0),
(14,24,0),
(14,25,0),
(14,26,0),
(14,27,0),
(14,28,0),
(14,29,0),
(14,30,0),
(14,31,1),
(14,32,0),
(14,33,0),
(14,34,0),
(14,35,0),
(14,36,0),
(14,37,0),
(14,38,0),
(14,39,0),
(14,40,0),
(14,41,0),
(14,42,0),
(14,43,0),
(14,44,0),
(14,45,1),
(14,46,0),
(15,1,0),
(15,2,0),
(15,3,0),
(15,4,0),
(15,5,0),
(15,6,0),
(15,7,0),
(15,8,0),
(15,9,0),
(15,10,0),
(15,11,0),
(15,12,0),
(15,13,0),
(15,14,0),
(15,15,0),
(15,16,0),
(15,17,0),
(15,18,0),
(15,19,1),
(15,20,0),
(15,21,0),
(15,22,0),
(15,23,0),
(15,24,0),
(15,25,0),
(15,26,0),
(15,27,0),
(15,28,0),
(15,29,0),
(15,30,0),
(15,31,0),
(15,32,0),
(15,33,0),
(15,34,0),
(15,35,0),
(15,36,0),
(15,37,0),
(15,38,0),
(15,39,0),
(15,40,0),
(15,41,0),
(15,42,0),
(15,43,0),
(15,44,0),
(15,45,0),
(15,46,1),
(16,1,0),
(16,2,0),
(16,3,0),
(16,4,0),
(16,5,0),
(16,6,0),
(16,7,0),
(16,8,0),
(16,9,0),
(16,10,0),
(16,11,0),
(16,12,0),
(16,13,0),
(16,14,0),
(16,15,0),
(16,16,0),
(16,17,0),
(16,18,0),
(16,19,0),
(16,20,0),
(16,21,0),
(16,22,0),
(16,23,1),
(16,24,0),
(16,25,0),
(16,26,0),
(16,27,0),
(16,28,0),
(16,29,0),
(16,30,0),
(16,31,0),
(16,32,0),
(16,33,0),
(16,34,0),
(16,35,0),
(16,36,0),
(16,37,0),
(16,38,0),
(16,39,0),
(16,40,0),
(16,41,0),
(16,42,0),
(16,43,0),
(16,44,0),
(16,45,0),
(16,46,0),
(17,1,0),
(17,2,0),
(17,3,0),
(17,4,0),
(17,5,0),
(17,6,0),
(17,7,0),
(17,8,0),
(17,9,0),
(17,10,0),
(17,11,0),
(17,12,0),
(17,13,0),
(17,14,0),
(17,15,0),
(17,16,0),
(17,17,0),
(17,18,0),
(17,19,0),
(17,20,0),
(17,21,0),
(17,22,0),
(17,23,0),
(17,24,1),
(17,25,0),
(17,26,0),
(17,27,0),
(17,28,0),
(17,29,0),
(17,30,0),
(17,31,0),
(17,32,0),
(17,33,0),
(17,34,0),
(17,35,0),
(17,36,0),
(17,37,0),
(17,38,0),
(17,39,0),
(17,40,0),
(17,41,0),
(17,42,0),
(17,43,0),
(17,44,0),
(17,45,0),
(17,46,0),
(18,1,0),
(18,2,0),
(18,3,0),
(18,4,0),
(18,5,0),
(18,6,0),
(18,7,0),
(18,8,0),
(18,9,0),
(18,10,0),
(18,11,0),
(18,12,0),
(18,13,0),
(18,14,0),
(18,15,0),
(18,16,0),
(18,17,0),
(18,18,0),
(18,19,0),
(18,20,0),
(18,21,0),
(18,22,0),
(18,23,0),
(18,24,0),
(18,25,1),
(18,26,0),
(18,27,0),
(18,28,0),
(18,29,0),
(18,30,0),
(18,31,0),
(18,32,0),
(18,33,0),
(18,34,0),
(18,35,0),
(18,36,0),
(18,37,0),
(18,38,0),
(18,39,0),
(18,40,0),
(18,41,0),
(18,42,0),
(18,43,0),
(18,44,0),
(18,45,0),
(18,46,0),
(19,1,0),
(19,2,0),
(19,3,0),
(19,4,0),
(19,5,0),
(19,6,0),
(19,7,0),
(19,8,0),
(19,9,0),
(19,10,0),
(19,11,0),
(19,12,0),
(19,13,0),
(19,14,0),
(19,15,0),
(19,16,0),
(19,17,0),
(19,18,0),
(19,19,0),
(19,20,0),
(19,21,0),
(19,22,0),
(19,23,0),
(19,24,0),
(19,25,0),
(19,26,1),
(19,27,0),
(19,28,0),
(19,29,0),
(19,30,0),
(19,31,0),
(19,32,0),
(19,33,0),
(19,34,0),
(19,35,0),
(19,36,0),
(19,37,0),
(19,38,0),
(19,39,0),
(19,40,0),
(19,41,0),
(19,42,0),
(19,43,0),
(19,44,0),
(19,45,0),
(19,46,0),
(20,1,0),
(20,2,0),
(20,3,0),
(20,4,0),
(20,5,0),
(20,6,0),
(20,7,0),
(20,8,0),
(20,9,0),
(20,10,0),
(20,11,0),
(20,12,0),
(20,13,0),
(20,14,0),
(20,15,0),
(20,16,0),
(20,17,0),
(20,18,0),
(20,19,0),
(20,20,0),
(20,21,0),
(20,22,0),
(20,23,0),
(20,24,0),
(20,25,0),
(20,26,0),
(20,27,1),
(20,28,0),
(20,29,0),
(20,30,0),
(20,31,0),
(20,32,0),
(20,33,0),
(20,34,0),
(20,35,0),
(20,36,0),
(20,37,0),
(20,38,0),
(20,39,0),
(20,40,0),
(20,41,0),
(20,42,0),
(20,43,0),
(20,44,0),
(20,45,0),
(20,46,0),
(21,1,0),
(21,2,0),
(21,3,0),
(21,4,0),
(21,5,0),
(21,6,0),
(21,7,0),
(21,8,0),
(21,9,0),
(21,10,0),
(21,11,0),
(21,12,0),
(21,13,0),
(21,14,0),
(21,15,0),
(21,16,0),
(21,17,0),
(21,18,0),
(21,19,0),
(21,20,0),
(21,21,0),
(21,22,0),
(21,23,0),
(21,24,0),
(21,25,0),
(21,26,0),
(21,27,0),
(21,28,0),
(21,29,0),
(21,30,0),
(21,31,0),
(21,32,0),
(21,33,0),
(21,34,0),
(21,35,0),
(21,36,0),
(21,37,0),
(21,38,0),
(21,39,0),
(21,40,0),
(21,41,0),
(21,42,0),
(21,43,0),
(21,44,0),
(21,45,0),
(21,46,0),
(22,1,0),
(22,2,0),
(22,3,0),
(22,4,0),
(22,5,0),
(22,6,0),
(22,7,0),
(22,8,0),
(22,9,0),
(22,10,0),
(22,11,0),
(22,12,0),
(22,13,0),
(22,14,0),
(22,15,0),
(22,16,0),
(22,17,0),
(22,18,0),
(22,19,0),
(22,20,0),
(22,21,0),
(22,22,0),
(22,23,0),
(22,24,0),
(22,25,0),
(22,26,0),
(22,27,0),
(22,28,0),
(22,29,0),
(22,30,0),
(22,31,0),
(22,32,0),
(22,33,0),
(22,34,1),
(22,35,0),
(22,36,0),
(22,37,0),
(22,38,0),
(22,39,0),
(22,40,0),
(22,41,0),
(22,42,0),
(22,43,0),
(22,44,1),
(22,45,0),
(22,46,0),
(23,1,0),
(23,2,0),
(23,3,0),
(23,4,0),
(23,5,0),
(23,6,0),
(23,7,0),
(23,8,0),
(23,9,0),
(23,10,0),
(23,11,0),
(23,12,0),
(23,13,0),
(23,14,0),
(23,15,0),
(23,16,0),
(23,17,0),
(23,18,0),
(23,19,0),
(23,20,0),
(23,21,0),
(23,22,0),
(23,23,0),
(23,24,0),
(23,25,0),
(23,26,0),
(23,27,0),
(23,28,0),
(23,29,0),
(23,30,0),
(23,31,0),
(23,32,0),
(23,33,0),
(23,34,0),
(23,35,0),
(23,36,0),
(23,37,0),
(23,38,0),
(23,39,0),
(23,40,1),
(23,41,0),
(23,42,0),
(23,43,0),
(23,44,0),
(23,45,0),
(23,46,0),
(24,1,0),
(24,2,0),
(24,3,0),
(24,4,0),
(24,5,0),
(24,6,0),
(24,7,0),
(24,8,0),
(24,9,0),
(24,10,0),
(24,11,0),
(24,12,0),
(24,13,0),
(24,14,0),
(24,15,0),
(24,16,0),
(24,17,0),
(24,18,0),
(24,19,0),
(24,20,0),
(24,21,0),
(24,22,0),
(24,23,0),
(24,24,0),
(24,25,0),
(24,26,0),
(24,27,0),
(24,28,0),
(24,29,0),
(24,30,0),
(24,31,0),
(24,32,0),
(24,33,0),
(24,34,0),
(24,35,0),
(24,36,0),
(24,37,0),
(24,38,0),
(24,39,0),
(24,40,0),
(24,41,0),
(24,42,1),
(24,43,1),
(24,44,0),
(24,45,0),
(24,46,0),
(25,1,0),
(25,2,0),
(25,3,0),
(25,4,0),
(25,5,0),
(25,6,0),
(25,7,0),
(25,8,0),
(25,9,0),
(25,10,0),
(25,11,0),
(25,12,0),
(25,13,0),
(25,14,0),
(25,15,0),
(25,16,0),
(25,17,0),
(25,18,0),
(25,19,0),
(25,20,0),
(25,21,0),
(25,22,0),
(25,23,0),
(25,24,0),
(25,25,0),
(25,26,0),
(25,27,0),
(25,28,0),
(25,29,0),
(25,30,0),
(25,31,0),
(25,32,0),
(25,33,0),
(25,34,0),
(25,35,0),
(25,36,0),
(25,37,0),
(25,38,0),
(25,39,1),
(25,40,0),
(25,41,0),
(25,42,0),
(25,43,0),
(25,44,0),
(25,45,0),
(25,46,0),
(26,1,1),
(26,2,0),
(26,3,0),
(26,4,0),
(26,5,0),
(26,6,0),
(26,7,0),
(26,8,0),
(26,9,0),
(26,10,0),
(26,11,0),
(26,12,0),
(26,13,0),
(26,14,0),
(26,15,0),
(26,16,0),
(26,17,0),
(26,18,0),
(26,19,0),
(26,20,0),
(26,21,0),
(26,22,0),
(26,23,0),
(26,24,0),
(26,25,0),
(26,26,0),
(26,27,0),
(26,28,0),
(26,29,0),
(26,30,0),
(26,31,0),
(26,32,0),
(26,33,0),
(26,34,0),
(26,35,0),
(26,36,0),
(26,37,0),
(26,38,0),
(26,39,0),
(26,40,0),
(26,41,0),
(26,42,0),
(26,43,0),
(26,44,0),
(26,45,0),
(26,46,0),
(27,1,0),
(27,2,0),
(27,3,0),
(27,4,0),
(27,5,0),
(27,6,0),
(27,7,0),
(27,8,0),
(27,9,0),
(27,10,0),
(27,11,0),
(27,12,0),
(27,13,0),
(27,14,0),
(27,15,0),
(27,16,0),
(27,17,0),
(27,18,0),
(27,19,0),
(27,20,0),
(27,21,0),
(27,22,0),
(27,23,0),
(27,24,0),
(27,25,0),
(27,26,0),
(27,27,0),
(27,28,1),
(27,29,0),
(27,30,0),
(27,31,0),
(27,32,0),
(27,33,0),
(27,34,0),
(27,35,0),
(27,36,0),
(27,37,0),
(27,38,0),
(27,39,0),
(27,40,0),
(27,41,0),
(27,42,0),
(27,43,0),
(27,44,0),
(27,45,0),
(27,46,0);

/*Table structure for table `hari` */

DROP TABLE IF EXISTS `hari`;

CREATE TABLE `hari` (
  `no` int(20) NOT NULL AUTO_INCREMENT,
  `nama` varchar(225) DEFAULT NULL,
  `status` int(1) DEFAULT NULL,
  PRIMARY KEY (`no`)
) ENGINE=InnoDB AUTO_INCREMENT=6 DEFAULT CHARSET=latin1;

/*Data for the table `hari` */

insert  into `hari`(`no`,`nama`,`status`) values 
(1,'JUMAT',1),
(2,'KAMIS',1),
(3,'RABU',1),
(4,'SELASA',1),
(5,'SENIN',1);

/*Table structure for table `jadwal` */

DROP TABLE IF EXISTS `jadwal`;

CREATE TABLE `jadwal` (
  `id_jadwal` int(20) NOT NULL AUTO_INCREMENT,
  `no_dosen` int(20) DEFAULT NULL,
  `no_hari` int(20) DEFAULT NULL,
  `no_sesi` int(20) DEFAULT NULL,
  `no_matkul` int(20) DEFAULT NULL,
  `no_kelas` int(20) DEFAULT NULL,
  `no_ruangan` int(20) DEFAULT NULL,
  `kategori` int(20) DEFAULT NULL,
  `tot_ruangan` int(20) DEFAULT NULL,
  PRIMARY KEY (`id_jadwal`),
  KEY `fk_jadwal_dosen` (`no_dosen`),
  KEY `fk_jadwal_hari` (`no_hari`),
  KEY `fk_jadwal_sesi` (`no_sesi`),
  KEY `fk_jadwal_matkukl` (`no_matkul`),
  KEY `fk_jadwal_kelas` (`no_kelas`),
  KEY `fk_jadwal_ruangan` (`no_ruangan`),
  CONSTRAINT `fk_jadwal_dosen` FOREIGN KEY (`no_dosen`) REFERENCES `dosen` (`no`),
  CONSTRAINT `fk_jadwal_hari` FOREIGN KEY (`no_hari`) REFERENCES `hari` (`no`),
  CONSTRAINT `fk_jadwal_kelas` FOREIGN KEY (`no_kelas`) REFERENCES `kelas` (`no`),
  CONSTRAINT `fk_jadwal_matkukl` FOREIGN KEY (`no_matkul`) REFERENCES `matkul` (`no`),
  CONSTRAINT `fk_jadwal_ruangan` FOREIGN KEY (`no_ruangan`) REFERENCES `ruangan` (`no`),
  CONSTRAINT `fk_jadwal_sesi` FOREIGN KEY (`no_sesi`) REFERENCES `sesi` (`no`)
) ENGINE=InnoDB AUTO_INCREMENT=140 DEFAULT CHARSET=latin1;

/*Data for the table `jadwal` */

insert  into `jadwal`(`id_jadwal`,`no_dosen`,`no_hari`,`no_sesi`,`no_matkul`,`no_kelas`,`no_ruangan`,`kategori`,`tot_ruangan`) values 
(1,1,3,8,12,2,1,1,3),
(2,1,4,2,12,2,1,1,3),
(3,1,4,3,12,2,1,1,3),
(4,2,4,7,2,1,1,1,3),
(5,2,4,8,2,1,1,1,3),
(6,2,5,7,2,1,1,1,3),
(7,2,5,8,2,1,1,1,3),
(8,2,4,5,21,4,1,1,3),
(9,2,4,6,21,4,1,1,3),
(10,2,5,5,21,4,1,1,3),
(11,2,5,6,21,4,1,1,3),
(12,2,4,3,29,5,1,1,3),
(13,2,4,4,29,5,1,1,3),
(14,2,5,3,29,5,1,1,3),
(15,2,5,4,29,5,1,1,3),
(16,3,4,6,3,1,1,1,3),
(17,3,5,5,3,1,1,1,3),
(18,3,5,6,3,1,1,1,3),
(19,3,4,8,30,5,1,1,3),
(20,3,5,7,30,5,1,1,3),
(21,3,5,8,30,5,1,1,3),
(22,4,3,6,4,1,1,1,3),
(23,4,3,7,4,1,1,1,3),
(24,5,4,5,5,1,1,1,3),
(25,5,5,3,5,1,1,1,3),
(26,5,5,4,5,1,1,1,3),
(27,5,4,8,17,3,1,1,3),
(28,5,5,7,17,3,1,1,3),
(29,5,5,8,17,3,1,1,3),
(30,5,4,7,32,5,1,1,3),
(31,5,5,5,32,5,1,1,3),
(32,5,5,6,32,5,1,1,3),
(33,6,4,4,6,1,1,1,3),
(34,6,5,2,6,1,1,1,3),
(35,6,4,6,33,5,1,1,3),
(36,6,5,1,33,5,1,1,3),
(37,6,4,8,38,6,1,1,3),
(38,6,5,7,38,6,1,1,3),
(39,6,5,8,38,6,1,1,3),
(40,7,3,8,7,1,1,1,3),
(41,7,4,2,7,1,1,1,3),
(42,7,4,3,7,1,1,1,3),
(43,7,4,8,9,2,1,1,3),
(44,7,5,7,9,2,1,1,3),
(45,7,5,8,9,2,1,1,3),
(46,7,4,7,16,3,1,1,3),
(47,7,5,5,16,3,1,1,3),
(48,7,5,6,16,3,1,1,3),
(49,7,4,6,36,6,1,1,3),
(50,7,5,3,36,6,1,1,3),
(51,7,5,4,36,6,1,1,3),
(52,8,4,7,8,2,1,1,3),
(53,8,5,5,8,2,1,1,3),
(54,8,5,6,8,2,1,1,3),
(55,8,4,5,35,6,1,1,3),
(56,8,5,1,35,6,1,1,3),
(57,8,5,2,35,6,1,1,3),
(58,9,4,6,10,2,1,1,3),
(59,9,5,3,10,2,1,1,3),
(60,9,5,4,10,2,1,1,3),
(61,9,4,4,37,6,1,1,3),
(62,9,4,7,37,6,1,1,3),
(63,9,5,6,37,6,1,1,3),
(64,10,2,8,11,2,1,1,3),
(65,10,3,6,11,2,1,1,3),
(66,10,3,7,11,2,1,1,3),
(67,11,4,4,13,2,1,1,3),
(68,11,4,5,13,2,1,1,3),
(69,11,5,2,13,2,1,1,3),
(70,11,4,6,20,3,1,1,3),
(71,11,5,3,20,3,1,1,3),
(72,11,5,4,20,3,1,1,3),
(73,11,4,7,22,4,1,1,3),
(74,11,4,8,22,4,1,1,3),
(75,11,5,7,22,4,1,1,3),
(76,11,5,8,22,4,1,1,3),
(77,12,4,4,14,3,1,1,3),
(78,12,4,5,14,3,1,1,3),
(79,12,5,2,14,3,1,1,3),
(80,12,4,8,41,7,1,1,3),
(81,12,5,7,41,7,1,1,3),
(82,12,5,8,41,7,1,1,3),
(83,13,2,6,15,3,1,1,3),
(84,13,2,7,15,3,1,1,3),
(85,13,3,5,15,3,1,1,3),
(86,13,3,6,15,3,1,1,3),
(87,14,4,2,18,3,1,1,3),
(88,14,4,3,18,3,1,1,3),
(89,14,4,1,31,5,1,1,3),
(90,14,4,5,31,5,1,1,3),
(91,14,5,5,45,7,1,1,3),
(92,14,5,6,45,7,1,1,3),
(93,15,2,8,19,3,1,1,3),
(94,15,3,7,19,3,1,1,3),
(95,15,3,8,19,3,1,1,3),
(96,15,4,7,46,7,1,1,3),
(97,15,5,3,46,7,1,1,3),
(98,15,5,4,46,7,1,1,3),
(99,16,4,4,23,4,1,1,3),
(100,16,5,3,23,4,1,1,3),
(101,16,5,4,23,4,1,1,3),
(102,17,4,2,24,4,1,1,3),
(103,17,4,3,24,4,1,1,3),
(104,17,5,2,24,4,1,1,3),
(105,18,2,8,25,4,1,1,3),
(106,18,3,7,25,4,1,1,3),
(107,18,3,8,25,4,1,1,3),
(108,19,2,7,26,4,1,1,3),
(109,19,3,5,26,4,1,1,3),
(110,19,3,6,26,4,1,1,3),
(111,20,2,6,27,4,1,1,3),
(112,20,3,3,27,4,1,1,3),
(113,20,3,4,27,4,1,1,3),
(114,22,2,8,34,5,1,1,3),
(115,22,3,7,34,5,1,1,3),
(116,22,3,8,34,5,1,1,3),
(117,22,4,5,44,7,1,1,3),
(118,22,4,6,44,7,1,1,3),
(119,22,5,2,44,7,1,1,3),
(120,23,3,8,40,6,1,1,3),
(121,23,4,2,40,6,1,1,3),
(122,23,4,3,40,6,1,1,3),
(123,24,3,8,42,7,1,1,3),
(124,24,4,3,42,7,1,1,3),
(125,24,4,4,42,7,1,1,3),
(126,24,3,6,43,7,1,1,3),
(127,24,3,7,43,7,1,1,3),
(128,24,4,2,43,7,1,1,3),
(129,25,2,8,39,6,1,1,3),
(130,25,3,6,39,6,1,1,3),
(131,25,3,7,39,6,1,1,3),
(132,26,2,7,1,1,1,1,3),
(133,26,2,8,1,1,1,1,3),
(134,26,3,4,1,1,1,1,3),
(135,26,3,5,1,1,1,1,3),
(136,27,2,6,28,5,1,1,3),
(137,27,2,7,28,5,1,1,3),
(138,27,3,5,28,5,1,1,3),
(139,27,3,6,28,5,1,1,3);

/*Table structure for table `kategori` */

DROP TABLE IF EXISTS `kategori`;

CREATE TABLE `kategori` (
  `no` int(11) NOT NULL AUTO_INCREMENT,
  `nama` varchar(200) DEFAULT NULL,
  PRIMARY KEY (`no`)
) ENGINE=InnoDB AUTO_INCREMENT=6 DEFAULT CHARSET=latin1;

/*Data for the table `kategori` */

insert  into `kategori`(`no`,`nama`) values 
(1,'Teori'),
(2,'Praktikum'),
(3,'Teori/Praktikum'),
(4,'Laboratorium'),
(5,'Lab Fisika');

/*Table structure for table `kelas` */

DROP TABLE IF EXISTS `kelas`;

CREATE TABLE `kelas` (
  `no` int(20) NOT NULL AUTO_INCREMENT,
  `nama` varchar(225) NOT NULL,
  `jumlah` int(20) NOT NULL,
  PRIMARY KEY (`no`)
) ENGINE=InnoDB AUTO_INCREMENT=8 DEFAULT CHARSET=latin1;

/*Data for the table `kelas` */

insert  into `kelas`(`no`,`nama`,`jumlah`) values 
(1,'11TI',60),
(2,'12TI',60),
(3,'13TI',60),
(4,'14TI',60),
(5,'11SI',60),
(6,'12SI',60),
(7,'13SI',60);

/*Table structure for table `matkul` */

DROP TABLE IF EXISTS `matkul`;

CREATE TABLE `matkul` (
  `no` int(20) NOT NULL AUTO_INCREMENT,
  `nama` varchar(225) NOT NULL,
  `sks` int(20) NOT NULL,
  `jumlah` int(20) NOT NULL,
  `kategori` int(1) DEFAULT NULL,
  PRIMARY KEY (`no`)
) ENGINE=InnoDB AUTO_INCREMENT=47 DEFAULT CHARSET=latin1;

/*Data for the table `matkul` */

insert  into `matkul`(`no`,`nama`,`sks`,`jumlah`,`kategori`) values 
(1,'MADAS I 11TI',4,60,1),
(2,'FISDAS I 11TI',4,60,1),
(3,'STA 11TI',3,60,1),
(4,'ENG I 11TI',2,60,1),
(5,'PTI 11TI',3,60,1),
(6,'DEL CHA 11TI',2,60,1),
(7,'PROG I 11TI',3,60,1),
(8,'SISDIG 12TI',3,60,1),
(9,'MATDIS 12TI',3,60,1),
(10,'BASDAT 12 TI',3,60,1),
(11,'LOGIN 12TI',3,60,1),
(12,'PROBSTAT 12TI',3,60,1),
(13,'ALSRUDAT 12TI',3,60,1),
(14,'JARKOM 13TI',3,60,1),
(15,'CERTAN 13TI',4,60,1),
(16,'TBFA 13TI',3,60,1),
(17,'PABWE 13TI',3,60,1),
(18,'ENG III 13TI',2,60,1),
(19,'TECHNO 13TI',3,60,1),
(20,'DSI 13TI',3,60,1),
(21,'KP 14TI',4,60,1),
(22,'TA I 14TI',4,60,1),
(23,'RPLSD 14TI',3,60,1),
(24,'PC 14TI',3,60,1),
(25,'CRIPTO 14TI',3,60,1),
(26,'PM 14TI',3,60,1),
(27,'PUPL 14TI',3,60,1),
(28,'MADAS I 11SI',4,60,1),
(29,'FISDAS I 11SI',4,60,1),
(30,'STA 11SI',3,60,1),
(31,'ENG I 11SI',2,60,1),
(32,'PTI 11SI',3,60,1),
(33,'DEL CHA 11SI',2,60,1),
(34,'PROG I 11SI',3,60,1),
(35,'SISDIG 12SI',3,60,1),
(36,'MATDIS 12SI',3,60,1),
(37,'BASDAT 12 SI',3,60,1),
(38,'OMI 12SI',3,60,1),
(39,'PROBSTAT 12SI',3,60,1),
(40,'ALSRUDAT 12SI',3,60,1),
(41,'PJK 13SI',3,60,1),
(42,'CERTAN 13SI',3,60,1),
(43,'BASDATLAN 13SI',3,60,1),
(44,'PABWE 13SI',3,60,1),
(45,'ENG III 13SI',2,60,1),
(46,'TECHNO 13SI',3,60,1);

/*Table structure for table `matkul_kelas` */

DROP TABLE IF EXISTS `matkul_kelas`;

CREATE TABLE `matkul_kelas` (
  `no_matkul` int(20) DEFAULT NULL,
  `no_kelas` int(20) DEFAULT NULL,
  `nilai` int(20) DEFAULT NULL,
  KEY `fk_matkul` (`no_matkul`),
  KEY `fk_kelas` (`no_kelas`),
  CONSTRAINT `fk_kelas` FOREIGN KEY (`no_kelas`) REFERENCES `kelas` (`no`),
  CONSTRAINT `fk_matkul` FOREIGN KEY (`no_matkul`) REFERENCES `matkul` (`no`)
) ENGINE=InnoDB DEFAULT CHARSET=latin1;

/*Data for the table `matkul_kelas` */

insert  into `matkul_kelas`(`no_matkul`,`no_kelas`,`nilai`) values 
(1,1,1),
(1,2,0),
(1,3,0),
(1,4,0),
(1,5,0),
(1,6,0),
(1,7,0),
(2,1,1),
(2,2,0),
(2,3,0),
(2,4,0),
(2,5,0),
(2,6,0),
(2,7,0),
(3,1,1),
(3,2,0),
(3,3,0),
(3,4,0),
(3,5,0),
(3,6,0),
(3,7,0),
(4,1,1),
(4,2,0),
(4,3,0),
(4,4,0),
(4,5,0),
(4,6,0),
(4,7,0),
(5,1,1),
(5,2,0),
(5,3,0),
(5,4,0),
(5,5,0),
(5,6,0),
(5,7,0),
(6,1,1),
(6,2,0),
(6,3,0),
(6,4,0),
(6,5,0),
(6,6,0),
(6,7,0),
(7,1,1),
(7,2,0),
(7,3,0),
(7,4,0),
(7,5,0),
(7,6,0),
(7,7,0),
(8,1,0),
(8,2,1),
(8,3,0),
(8,4,0),
(8,5,0),
(8,6,0),
(8,7,0),
(9,1,0),
(9,2,1),
(9,3,0),
(9,4,0),
(9,5,0),
(9,6,0),
(9,7,0),
(10,1,0),
(10,2,1),
(10,3,0),
(10,4,0),
(10,5,0),
(10,6,0),
(10,7,0),
(11,1,0),
(11,2,1),
(11,3,0),
(11,4,0),
(11,5,0),
(11,6,0),
(11,7,0),
(12,1,0),
(12,2,1),
(12,3,0),
(12,4,0),
(12,5,0),
(12,6,0),
(12,7,0),
(13,1,0),
(13,2,1),
(13,3,0),
(13,4,0),
(13,5,0),
(13,6,0),
(13,7,0),
(14,1,0),
(14,2,0),
(14,3,1),
(14,4,0),
(14,5,0),
(14,6,0),
(14,7,0),
(15,1,0),
(15,2,0),
(15,3,1),
(15,4,0),
(15,5,0),
(15,6,0),
(15,7,0),
(16,1,0),
(16,2,0),
(16,3,1),
(16,4,0),
(16,5,0),
(16,6,0),
(16,7,0),
(17,1,0),
(17,2,0),
(17,3,1),
(17,4,0),
(17,5,0),
(17,6,0),
(17,7,0),
(18,1,0),
(18,2,0),
(18,3,1),
(18,4,0),
(18,5,0),
(18,6,0),
(18,7,0),
(19,1,0),
(19,2,0),
(19,3,1),
(19,4,0),
(19,5,0),
(19,6,0),
(19,7,0),
(20,1,0),
(20,2,0),
(20,3,1),
(20,4,0),
(20,5,0),
(20,6,0),
(20,7,0),
(21,1,0),
(21,2,0),
(21,3,0),
(21,4,1),
(21,5,0),
(21,6,0),
(21,7,0),
(22,1,0),
(22,2,0),
(22,3,0),
(22,4,1),
(22,5,0),
(22,6,0),
(22,7,0),
(23,1,0),
(23,2,0),
(23,3,0),
(23,4,1),
(23,5,0),
(23,6,0),
(23,7,0),
(24,1,0),
(24,2,0),
(24,3,0),
(24,4,1),
(24,5,0),
(24,6,0),
(24,7,0),
(25,1,0),
(25,2,0),
(25,3,0),
(25,4,1),
(25,5,0),
(25,6,0),
(25,7,0),
(26,1,0),
(26,2,0),
(26,3,0),
(26,4,1),
(26,5,0),
(26,6,0),
(26,7,0),
(27,1,0),
(27,2,0),
(27,3,0),
(27,4,1),
(27,5,0),
(27,6,0),
(27,7,0),
(28,1,0),
(28,2,0),
(28,3,0),
(28,4,0),
(28,5,1),
(28,6,0),
(28,7,0),
(29,1,0),
(29,2,0),
(29,3,0),
(29,4,0),
(29,5,1),
(29,6,0),
(29,7,0),
(30,1,0),
(30,2,0),
(30,3,0),
(30,4,0),
(30,5,1),
(30,6,0),
(30,7,0),
(31,1,0),
(31,2,0),
(31,3,0),
(31,4,0),
(31,5,1),
(31,6,0),
(31,7,0),
(32,1,0),
(32,2,0),
(32,3,0),
(32,4,0),
(32,5,1),
(32,6,0),
(32,7,0),
(33,1,0),
(33,2,0),
(33,3,0),
(33,4,0),
(33,5,1),
(33,6,0),
(33,7,0),
(34,1,0),
(34,2,0),
(34,3,0),
(34,4,0),
(34,5,1),
(34,6,0),
(34,7,0),
(35,1,0),
(35,2,0),
(35,3,0),
(35,4,0),
(35,5,0),
(35,6,1),
(35,7,0),
(36,1,0),
(36,2,0),
(36,3,0),
(36,4,0),
(36,5,0),
(36,6,1),
(36,7,0),
(37,1,0),
(37,2,0),
(37,3,0),
(37,4,0),
(37,5,0),
(37,6,1),
(37,7,0),
(38,1,0),
(38,2,0),
(38,3,0),
(38,4,0),
(38,5,0),
(38,6,1),
(38,7,0),
(39,1,0),
(39,2,0),
(39,3,0),
(39,4,0),
(39,5,0),
(39,6,1),
(39,7,0),
(40,1,0),
(40,2,0),
(40,3,0),
(40,4,0),
(40,5,0),
(40,6,1),
(40,7,0),
(41,1,0),
(41,2,0),
(41,3,0),
(41,4,0),
(41,5,0),
(41,6,0),
(41,7,1),
(42,1,0),
(42,2,0),
(42,3,0),
(42,4,0),
(42,5,0),
(42,6,0),
(42,7,1),
(43,1,0),
(43,2,0),
(43,3,0),
(43,4,0),
(43,5,0),
(43,6,0),
(43,7,1),
(44,1,0),
(44,2,0),
(44,3,0),
(44,4,0),
(44,5,0),
(44,6,0),
(44,7,1),
(45,1,0),
(45,2,0),
(45,3,0),
(45,4,0),
(45,5,0),
(45,6,0),
(45,7,1),
(46,1,0),
(46,2,0),
(46,3,0),
(46,4,0),
(46,5,0),
(46,6,0),
(46,7,1);

/*Table structure for table `ruangan` */

DROP TABLE IF EXISTS `ruangan`;

CREATE TABLE `ruangan` (
  `no` int(20) NOT NULL AUTO_INCREMENT,
  `nama` varchar(225) DEFAULT NULL,
  `kapasitas` int(20) DEFAULT NULL,
  `status` int(20) DEFAULT NULL,
  `kategori` int(1) DEFAULT NULL,
  PRIMARY KEY (`no`)
) ENGINE=InnoDB AUTO_INCREMENT=42 DEFAULT CHARSET=latin1;

/*Data for the table `ruangan` */

insert  into `ruangan`(`no`,`nama`,`kapasitas`,`status`,`kategori`) values 
(1,'Belum di-set',0,3,NULL),
(2,'GD912',30,1,4),
(3,'GD913',60,1,1),
(4,'GD914',60,1,1),
(5,'GD915',60,1,1),
(6,'GD916',30,1,4),
(7,'GD917',30,1,4),
(8,'GD923',60,1,1),
(9,'GD924',60,1,1),
(10,'GD925',60,1,1),
(11,'GD927',60,1,1),
(12,'GD928',60,1,1),
(13,'GD933',60,1,1),
(14,'GD934',60,1,1),
(15,'GD935',60,1,1),
(16,'GD937',60,1,1),
(17,'GD938',60,1,1),
(18,'GD942',60,1,1),
(19,'GD943',60,1,1),
(20,'GD812',30,1,4),
(21,'GD814',30,1,4),
(22,'GD815',30,1,4),
(23,'LAB FISIKA',30,1,5),
(24,'GD825',30,1,4),
(25,'GD826',30,1,4),
(26,'GD514',30,1,2),
(27,'GD515',30,1,2),
(28,'GD516',60,1,1),
(29,'GD524',30,1,2),
(30,'GD525',30,1,3),
(31,'GD526',30,1,3),
(32,'GD711',30,1,2),
(33,'GD712',30,1,2),
(34,'GD713',30,1,2),
(35,'GD714',30,1,2),
(36,'GD721',60,1,1),
(37,'GD722',150,1,1),
(38,'GD723',60,1,2),
(39,'GD724',30,1,2),
(40,'GD725',30,1,2),
(41,'GD726',30,1,4);

/*Table structure for table `sesi` */

DROP TABLE IF EXISTS `sesi`;

CREATE TABLE `sesi` (
  `no` int(20) NOT NULL AUTO_INCREMENT,
  `nama` varchar(225) DEFAULT NULL,
  `status` int(1) DEFAULT NULL,
  PRIMARY KEY (`no`)
) ENGINE=InnoDB AUTO_INCREMENT=9 DEFAULT CHARSET=latin1;

/*Data for the table `sesi` */

insert  into `sesi`(`no`,`nama`,`status`) values 
(1,'SESI 8',1),
(2,'SESI 7',1),
(3,'SESI 6',1),
(4,'SESI 5',1),
(5,'SESI 4',1),
(6,'SESI 3',1),
(7,'SESI 2',1),
(8,'SESI 1',1);

/*!40101 SET SQL_MODE=@OLD_SQL_MODE */;
/*!40014 SET FOREIGN_KEY_CHECKS=@OLD_FOREIGN_KEY_CHECKS */;
/*!40014 SET UNIQUE_CHECKS=@OLD_UNIQUE_CHECKS */;
/*!40111 SET SQL_NOTES=@OLD_SQL_NOTES */;
