/*
SQLyog Ultimate v12.5.1 (64 bit)
MySQL - 10.1.21-MariaDB : Database - penjadwalan_fti
*********************************************************************
*/

/*!40101 SET NAMES utf8 */;

/*!40101 SET SQL_MODE=''*/;

/*!40014 SET @OLD_UNIQUE_CHECKS=@@UNIQUE_CHECKS, UNIQUE_CHECKS=0 */;
/*!40014 SET @OLD_FOREIGN_KEY_CHECKS=@@FOREIGN_KEY_CHECKS, FOREIGN_KEY_CHECKS=0 */;
/*!40101 SET @OLD_SQL_MODE=@@SQL_MODE, SQL_MODE='NO_AUTO_VALUE_ON_ZERO' */;
/*!40111 SET @OLD_SQL_NOTES=@@SQL_NOTES, SQL_NOTES=0 */;
CREATE DATABASE /*!32312 IF NOT EXISTS*/`penjadwalan_fti` /*!40100 DEFAULT CHARACTER SET latin1 */;

USE `penjadwalan_fti`;

/*Table structure for table `dosen` */

DROP TABLE IF EXISTS `dosen`;

CREATE TABLE `dosen` (
  `no` int(20) NOT NULL AUTO_INCREMENT,
  `nama` varchar(225) NOT NULL,
  PRIMARY KEY (`no`)
) ENGINE=InnoDB AUTO_INCREMENT=16 DEFAULT CHARSET=latin1;

/*Data for the table `dosen` */

insert  into `dosen`(`no`,`nama`) values 
(1,'MSL'),
(2,'AFS'),
(3,'MMM'),
(4,'SAM'),
(5,'ASD'),
(6,'ANA'),
(7,'NSS'),
(8,'IFY'),
(9,'RZS'),
(10,'YMA'),
(11,'CJS'),
(12,'RCS'),
(13,'DWS'),
(14,'HSS'),
(15,'YOP');

/*Table structure for table `dosen_matkul` */

DROP TABLE IF EXISTS `dosen_matkul`;

CREATE TABLE `dosen_matkul` (
  `no_dosen` int(20) DEFAULT NULL,
  `no_matkul` int(20) DEFAULT NULL,
  `nilai` int(20) DEFAULT NULL,
  KEY `fk_dosen` (`no_dosen`),
  KEY `fk_matkul2` (`no_matkul`),
  CONSTRAINT `fk_dosen` FOREIGN KEY (`no_dosen`) REFERENCES `dosen` (`no`),
  CONSTRAINT `fk_matkul2` FOREIGN KEY (`no_matkul`) REFERENCES `matkul` (`no`)
) ENGINE=InnoDB DEFAULT CHARSET=latin1;

/*Data for the table `dosen_matkul` */

insert  into `dosen_matkul`(`no_dosen`,`no_matkul`,`nilai`) values 
(1,1,1),
(1,2,0),
(1,3,0),
(1,4,0),
(1,5,0),
(1,6,0),
(1,7,0),
(1,8,0),
(1,9,0),
(1,10,0),
(1,11,0),
(1,12,0),
(1,13,0),
(1,14,0),
(1,15,0),
(1,16,0),
(1,17,0),
(1,18,0),
(1,19,0),
(1,20,0),
(1,21,0),
(1,22,0),
(1,23,0),
(1,24,0),
(1,25,0),
(1,26,0),
(1,27,0),
(1,28,0),
(1,29,0),
(1,30,0),
(1,31,0),
(2,1,0),
(2,2,1),
(2,3,0),
(2,4,0),
(2,5,0),
(2,6,0),
(2,7,0),
(2,8,0),
(2,9,0),
(2,10,0),
(2,11,0),
(2,12,0),
(2,13,0),
(2,14,0),
(2,15,0),
(2,16,0),
(2,17,0),
(2,18,0),
(2,19,0),
(2,20,0),
(2,21,0),
(2,22,0),
(2,23,0),
(2,24,0),
(2,25,0),
(2,26,0),
(2,27,0),
(2,28,0),
(2,29,0),
(2,30,0),
(2,31,0),
(3,1,0),
(3,2,0),
(3,3,1),
(3,4,0),
(3,5,0),
(3,6,0),
(3,7,0),
(3,8,0),
(3,9,0),
(3,10,0),
(3,11,0),
(3,12,0),
(3,13,0),
(3,14,0),
(3,15,0),
(3,16,0),
(3,17,0),
(3,18,0),
(3,19,0),
(3,20,0),
(3,21,0),
(3,22,0),
(3,23,0),
(3,24,0),
(3,25,0),
(3,26,0),
(3,27,0),
(3,28,0),
(3,29,0),
(3,30,0),
(3,31,0),
(4,1,0),
(4,2,0),
(4,3,0),
(4,4,1),
(4,5,0),
(4,6,0),
(4,7,0),
(4,8,0),
(4,9,1),
(4,10,0),
(4,11,0),
(4,12,0),
(4,13,0),
(4,14,0),
(4,15,0),
(4,16,0),
(4,17,0),
(4,18,0),
(4,19,0),
(4,20,0),
(4,21,0),
(4,22,1),
(4,23,0),
(4,24,0),
(4,25,0),
(4,26,0),
(4,27,0),
(4,28,0),
(4,29,1),
(4,30,0),
(4,31,0),
(5,1,0),
(5,2,0),
(5,3,0),
(5,4,0),
(5,5,1),
(5,6,0),
(5,7,0),
(5,8,0),
(5,9,0),
(5,10,0),
(5,11,1),
(5,12,0),
(5,13,0),
(5,14,0),
(5,15,0),
(5,16,0),
(5,17,0),
(5,18,0),
(5,19,0),
(5,20,0),
(5,21,0),
(5,22,0),
(5,23,0),
(5,24,0),
(5,25,0),
(5,26,0),
(5,27,0),
(5,28,0),
(5,29,0),
(5,30,0),
(5,31,0),
(6,1,0),
(6,2,0),
(6,3,0),
(6,4,0),
(6,5,0),
(6,6,1),
(6,7,0),
(6,8,0),
(6,9,0),
(6,10,0),
(6,11,0),
(6,12,0),
(6,13,0),
(6,14,0),
(6,15,1),
(6,16,0),
(6,17,0),
(6,18,0),
(6,19,0),
(6,20,0),
(6,21,0),
(6,22,0),
(6,23,0),
(6,24,0),
(6,25,0),
(6,26,0),
(6,27,1),
(6,28,0),
(6,29,0),
(6,30,0),
(6,31,0),
(7,1,0),
(7,2,0),
(7,3,0),
(7,4,0),
(7,5,0),
(7,6,0),
(7,7,1),
(7,8,0),
(7,9,0),
(7,10,0),
(7,11,0),
(7,12,0),
(7,13,0),
(7,14,0),
(7,15,0),
(7,16,0),
(7,17,0),
(7,18,0),
(7,19,0),
(7,20,0),
(7,21,0),
(7,22,0),
(7,23,0),
(7,24,0),
(7,25,0),
(7,26,0),
(7,27,0),
(7,28,0),
(7,29,0),
(7,30,1),
(7,31,0),
(8,1,0),
(8,2,0),
(8,3,0),
(8,4,0),
(8,5,0),
(8,6,0),
(8,7,0),
(8,8,1),
(8,9,0),
(8,10,0),
(8,11,0),
(8,12,0),
(8,13,0),
(8,14,0),
(8,15,0),
(8,16,0),
(8,17,0),
(8,18,0),
(8,19,0),
(8,20,0),
(8,21,0),
(8,22,0),
(8,23,0),
(8,24,0),
(8,25,0),
(8,26,0),
(8,27,0),
(8,28,0),
(8,29,0),
(8,30,0),
(8,31,0),
(9,1,0),
(9,2,0),
(9,3,0),
(9,4,0),
(9,5,0),
(9,6,0),
(9,7,0),
(9,8,0),
(9,9,0),
(9,10,1),
(9,11,0),
(9,12,0),
(9,13,0),
(9,14,0),
(9,15,0),
(9,16,0),
(9,17,0),
(9,18,0),
(9,19,0),
(9,20,0),
(9,21,0),
(9,22,0),
(9,23,1),
(9,24,0),
(9,25,0),
(9,26,0),
(9,27,0),
(9,28,0),
(9,29,0),
(9,30,0),
(9,31,0),
(10,1,0),
(10,2,0),
(10,3,0),
(10,4,0),
(10,5,0),
(10,6,0),
(10,7,0),
(10,8,0),
(10,9,0),
(10,10,0),
(10,11,0),
(10,12,1),
(10,13,1),
(10,14,1),
(10,15,0),
(10,16,0),
(10,17,0),
(10,18,0),
(10,19,0),
(10,20,0),
(10,21,0),
(10,22,0),
(10,23,0),
(10,24,1),
(10,25,0),
(10,26,0),
(10,27,0),
(10,28,0),
(10,29,0),
(10,30,0),
(10,31,1),
(11,1,0),
(11,2,0),
(11,3,0),
(11,4,0),
(11,5,0),
(11,6,0),
(11,7,0),
(11,8,0),
(11,9,0),
(11,10,0),
(11,11,0),
(11,12,0),
(11,13,0),
(11,14,0),
(11,15,0),
(11,16,1),
(11,17,0),
(11,18,0),
(11,19,0),
(11,20,0),
(11,21,0),
(11,22,0),
(11,23,0),
(11,24,0),
(11,25,0),
(11,26,0),
(11,27,0),
(11,28,0),
(11,29,0),
(11,30,0),
(11,31,0),
(12,1,0),
(12,2,0),
(12,3,0),
(12,4,0),
(12,5,0),
(12,6,0),
(12,7,0),
(12,8,0),
(12,9,0),
(12,10,0),
(12,11,0),
(12,12,0),
(12,13,0),
(12,14,0),
(12,15,0),
(12,16,0),
(12,17,1),
(12,18,0),
(12,19,0),
(12,20,0),
(12,21,1),
(12,22,0),
(12,23,0),
(12,24,0),
(12,25,0),
(12,26,0),
(12,27,0),
(12,28,0),
(12,29,0),
(12,30,0),
(12,31,0),
(13,1,0),
(13,2,0),
(13,3,0),
(13,4,0),
(13,5,0),
(13,6,0),
(13,7,0),
(13,8,0),
(13,9,0),
(13,10,0),
(13,11,0),
(13,12,0),
(13,13,0),
(13,14,0),
(13,15,0),
(13,16,0),
(13,17,0),
(13,18,1),
(13,19,0),
(13,20,0),
(13,21,0),
(13,22,0),
(13,23,0),
(13,24,0),
(13,25,0),
(13,26,0),
(13,27,0),
(13,28,0),
(13,29,0),
(13,30,0),
(13,31,0),
(14,1,0),
(14,2,0),
(14,3,0),
(14,4,0),
(14,5,0),
(14,6,0),
(14,7,0),
(14,8,0),
(14,9,0),
(14,10,0),
(14,11,0),
(14,12,0),
(14,13,0),
(14,14,0),
(14,15,0),
(14,16,0),
(14,17,0),
(14,18,0),
(14,19,1),
(14,20,0),
(14,21,0),
(14,22,0),
(14,23,0),
(14,24,0),
(14,25,1),
(14,26,1),
(14,27,0),
(14,28,0),
(14,29,0),
(14,30,0),
(14,31,0),
(15,1,0),
(15,2,0),
(15,3,0),
(15,4,0),
(15,5,0),
(15,6,0),
(15,7,0),
(15,8,0),
(15,9,0),
(15,10,0),
(15,11,0),
(15,12,0),
(15,13,0),
(15,14,0),
(15,15,0),
(15,16,0),
(15,17,0),
(15,18,0),
(15,19,0),
(15,20,1),
(15,21,0),
(15,22,0),
(15,23,0),
(15,24,0),
(15,25,0),
(15,26,0),
(15,27,0),
(15,28,1),
(15,29,0),
(15,30,0),
(15,31,0);

/*Table structure for table `hari` */

DROP TABLE IF EXISTS `hari`;

CREATE TABLE `hari` (
  `no` int(20) NOT NULL AUTO_INCREMENT,
  `nama` varchar(225) DEFAULT NULL,
  PRIMARY KEY (`no`)
) ENGINE=InnoDB AUTO_INCREMENT=6 DEFAULT CHARSET=latin1;

/*Data for the table `hari` */

insert  into `hari`(`no`,`nama`) values 
(1,'JUMAT'),
(2,'KAMIS'),
(3,'RABU'),
(4,'SELASA'),
(5,'SENIN');

/*Table structure for table `jadwal` */

DROP TABLE IF EXISTS `jadwal`;

CREATE TABLE `jadwal` (
  `id_jadwal` int(20) NOT NULL AUTO_INCREMENT,
  `no_dosen` int(20) DEFAULT NULL,
  `no_matkul` int(20) DEFAULT NULL,
  `no_kelas` int(20) DEFAULT NULL,
  `no_ruangan` int(20) DEFAULT NULL,
  `no_hari` int(20) DEFAULT NULL,
  `no_sesi` int(20) DEFAULT NULL,
  `kategori` int(20) DEFAULT NULL,
  `tot_ruangan` int(20) DEFAULT NULL,
  PRIMARY KEY (`id_jadwal`),
  KEY `fk_jadwaldosen` (`no_dosen`),
  KEY `fk_jadwalhari` (`no_hari`),
  KEY `fk_jadwalsesi` (`no_sesi`),
  KEY `fk_jadwalmatkul` (`no_matkul`),
  KEY `fk_jadwalkelas` (`no_kelas`),
  KEY `fk_jadwalruangan` (`no_ruangan`),
  KEY `fk_jadwalkategori` (`kategori`),
  CONSTRAINT `fk_jadwaldosen` FOREIGN KEY (`no_dosen`) REFERENCES `dosen` (`no`),
  CONSTRAINT `fk_jadwalhari` FOREIGN KEY (`no_hari`) REFERENCES `hari` (`no`),
  CONSTRAINT `fk_jadwalkategori` FOREIGN KEY (`kategori`) REFERENCES `kategori` (`no`),
  CONSTRAINT `fk_jadwalkelas` FOREIGN KEY (`no_kelas`) REFERENCES `kelas` (`no`),
  CONSTRAINT `fk_jadwalmatkul` FOREIGN KEY (`no_matkul`) REFERENCES `matkul` (`no`),
  CONSTRAINT `fk_jadwalruangan` FOREIGN KEY (`no_ruangan`) REFERENCES `ruangan` (`no`),
  CONSTRAINT `fk_jadwalsesi` FOREIGN KEY (`no_sesi`) REFERENCES `sesi` (`no`)
) ENGINE=InnoDB AUTO_INCREMENT=86 DEFAULT CHARSET=latin1;

/*Data for the table `jadwal` */

insert  into `jadwal`(`id_jadwal`,`no_dosen`,`no_matkul`,`no_kelas`,`no_ruangan`,`no_hari`,`no_sesi`,`kategori`,`tot_ruangan`) values 
(1,1,1,1,6,3,7,NULL,1),
(2,1,1,1,6,3,8,NULL,1),
(3,1,1,1,6,4,4,NULL,1),
(4,1,1,1,6,4,5,NULL,1),
(5,2,2,1,6,3,5,NULL,1),
(6,2,2,1,6,3,6,NULL,1),
(7,2,2,1,6,4,2,NULL,1),
(8,2,2,1,6,4,3,NULL,1),
(9,3,3,1,6,3,4,NULL,3),
(10,3,3,1,6,4,1,NULL,3),
(11,4,4,1,6,5,7,NULL,3),
(12,4,4,1,6,5,8,NULL,3),
(13,4,9,1,6,4,8,NULL,3),
(14,4,9,1,6,5,5,NULL,3),
(15,4,9,1,6,5,6,NULL,3),
(16,4,22,3,6,5,3,NULL,3),
(17,4,22,3,6,5,4,NULL,3),
(18,4,29,4,6,4,7,NULL,3),
(19,4,29,4,6,5,1,NULL,3),
(20,4,29,4,6,5,2,NULL,3),
(21,5,5,1,6,5,3,NULL,3),
(22,5,5,1,6,5,4,NULL,3),
(23,5,11,2,6,5,7,NULL,3),
(24,5,11,2,6,5,8,NULL,3),
(25,6,6,1,6,5,1,NULL,3),
(26,6,6,1,6,5,2,NULL,3),
(27,6,15,3,6,4,8,NULL,3),
(28,6,15,3,6,5,7,NULL,3),
(29,6,15,3,6,5,8,NULL,3),
(30,6,27,4,6,5,5,NULL,3),
(31,6,27,4,6,5,6,NULL,3),
(32,7,7,1,6,4,6,NULL,3),
(33,7,7,1,6,4,7,NULL,3),
(34,7,30,4,6,4,8,NULL,3),
(35,7,30,4,6,5,7,NULL,3),
(36,7,30,4,6,5,8,NULL,3),
(37,8,8,2,6,3,8,NULL,3),
(38,8,8,2,6,4,1,NULL,3),
(39,8,8,2,6,4,2,NULL,3),
(40,9,10,2,6,4,7,NULL,3),
(41,9,10,2,6,4,8,NULL,3),
(42,9,10,2,6,5,5,NULL,3),
(43,9,10,2,6,5,6,NULL,3),
(44,9,23,4,6,3,8,NULL,3),
(45,9,23,4,6,4,5,NULL,3),
(46,9,23,4,6,4,6,NULL,3),
(47,9,23,4,6,5,3,NULL,3),
(48,9,23,4,6,5,4,NULL,3),
(49,10,12,2,6,4,6,NULL,3),
(50,10,12,2,6,5,3,NULL,3),
(51,10,12,2,6,5,4,NULL,3),
(52,10,13,2,6,4,5,NULL,3),
(53,10,13,2,6,5,1,NULL,3),
(54,10,13,2,6,5,2,NULL,3),
(55,10,14,2,6,4,3,NULL,3),
(56,10,14,2,6,4,4,NULL,3),
(57,10,24,4,6,3,7,NULL,3),
(58,10,24,4,6,4,1,NULL,3),
(59,10,24,4,6,4,2,NULL,3),
(60,10,31,4,6,2,8,NULL,3),
(61,10,31,4,6,3,5,NULL,3),
(62,10,31,4,6,3,6,NULL,3),
(63,11,16,3,6,3,7,NULL,3),
(64,11,16,3,6,4,1,NULL,3),
(65,11,16,3,6,4,2,NULL,3),
(66,12,17,3,6,4,7,NULL,3),
(67,12,17,3,6,5,5,NULL,3),
(68,12,17,3,6,5,6,NULL,3),
(69,12,21,3,6,5,1,NULL,3),
(70,12,21,3,6,5,2,NULL,3),
(71,13,18,3,6,3,5,NULL,3),
(72,13,18,3,6,3,6,NULL,3),
(73,14,19,3,6,3,8,NULL,3),
(74,14,19,3,6,4,5,NULL,3),
(75,14,19,3,6,4,6,NULL,3),
(76,14,25,4,6,3,4,NULL,3),
(77,14,25,4,6,4,3,NULL,3),
(78,14,25,4,6,4,4,NULL,3),
(79,14,26,4,6,3,2,NULL,3),
(80,14,26,4,6,3,3,NULL,3),
(81,15,20,3,6,4,3,NULL,3),
(82,15,20,3,6,4,4,NULL,3),
(83,15,28,4,6,2,6,NULL,3),
(84,15,28,4,6,2,7,NULL,3),
(85,15,28,4,6,3,1,NULL,3);

/*Table structure for table `kategori` */

DROP TABLE IF EXISTS `kategori`;

CREATE TABLE `kategori` (
  `no` int(11) NOT NULL AUTO_INCREMENT,
  `nama` varchar(200) DEFAULT NULL,
  PRIMARY KEY (`no`)
) ENGINE=InnoDB AUTO_INCREMENT=3 DEFAULT CHARSET=latin1;

/*Data for the table `kategori` */

insert  into `kategori`(`no`,`nama`) values 
(1,'Teori'),
(2,'Praktikum');

/*Table structure for table `kelas` */

DROP TABLE IF EXISTS `kelas`;

CREATE TABLE `kelas` (
  `no` int(20) NOT NULL AUTO_INCREMENT,
  `nama` varchar(225) NOT NULL,
  `jumlah` int(20) NOT NULL,
  PRIMARY KEY (`no`)
) ENGINE=InnoDB AUTO_INCREMENT=5 DEFAULT CHARSET=latin1;

/*Data for the table `kelas` */

insert  into `kelas`(`no`,`nama`,`jumlah`) values 
(1,'11MR',60),
(2,'12MR',60),
(3,'13MR',60),
(4,'14MR',57);

/*Table structure for table `matkul` */

DROP TABLE IF EXISTS `matkul`;

CREATE TABLE `matkul` (
  `no` int(20) NOT NULL AUTO_INCREMENT,
  `nama` varchar(225) NOT NULL,
  `sks` int(20) NOT NULL,
  `jumlah` int(20) NOT NULL,
  PRIMARY KEY (`no`)
) ENGINE=InnoDB AUTO_INCREMENT=32 DEFAULT CHARSET=latin1;

/*Data for the table `matkul` */

insert  into `matkul`(`no`,`nama`,`sks`,`jumlah`) values 
(1,'MADAS I',4,150),
(2,'FISDAS I',4,150),
(3,'STA',2,60),
(4,'ENG I',2,60),
(5,'PTI',2,60),
(6,'DEL CHA',2,60),
(7,'PMR',2,60),
(8,'PROBSTAT',3,60),
(9,'ENG II',3,60),
(10,'TERMO',4,60),
(11,'PENGPRO',2,60),
(12,'EKOTEK',3,60),
(13,'TPE',3,60),
(14,'VGT',2,60),
(15,'PPBO',3,60),
(16,'AKBI',3,60),
(17,'PMB',3,60),
(18,'PENGPROD',2,60),
(19,'OR II',3,60),
(20,'METPEN',2,60),
(21,'PPP',2,60),
(22,'ENG III',2,60),
(23,'CAPSTONE',5,57),
(24,'KKB',3,57),
(25,'SIMSIS',3,57),
(26,'REMU',2,57),
(27,'KP',2,57),
(28,'PPI',3,57),
(29,'MANSTRA',3,57),
(30,'SIX SIGMA',3,57),
(31,'ASTEK',3,57);

/*Table structure for table `matkul_kategori` */

DROP TABLE IF EXISTS `matkul_kategori`;

CREATE TABLE `matkul_kategori` (
  `no_matkul` int(11) DEFAULT NULL,
  `no_kategori` int(11) DEFAULT NULL,
  `nilai` int(1) DEFAULT NULL,
  KEY `fk_mk1` (`no_matkul`),
  KEY `fk_mk2` (`no_kategori`),
  CONSTRAINT `fk_mk1` FOREIGN KEY (`no_matkul`) REFERENCES `matkul` (`no`),
  CONSTRAINT `fk_mk2` FOREIGN KEY (`no_kategori`) REFERENCES `kategori` (`no`)
) ENGINE=InnoDB DEFAULT CHARSET=latin1;

/*Data for the table `matkul_kategori` */

insert  into `matkul_kategori`(`no_matkul`,`no_kategori`,`nilai`) values 
(1,1,1),
(1,2,0),
(2,1,1),
(2,2,0),
(3,1,1),
(3,2,0),
(4,1,1),
(4,2,0),
(5,1,1),
(5,2,0),
(6,1,1),
(6,2,0),
(7,1,1),
(7,2,0),
(8,1,1),
(8,2,0),
(9,1,1),
(9,2,0),
(10,1,1),
(10,2,0),
(11,1,1),
(11,2,0),
(12,1,1),
(12,2,0),
(13,1,1),
(13,2,0),
(14,1,1),
(14,2,0),
(15,1,1),
(15,2,0),
(16,1,1),
(16,2,0),
(17,1,1),
(17,2,0),
(18,1,1),
(18,2,0),
(19,1,1),
(19,2,0),
(20,1,1),
(20,2,0),
(21,1,1),
(21,2,0),
(22,1,1),
(22,2,0),
(23,1,1),
(23,2,0),
(24,1,1),
(24,2,0),
(25,1,1),
(25,2,0),
(26,1,1),
(26,2,0),
(27,1,1),
(27,2,0),
(28,1,1),
(28,2,0),
(29,1,1),
(29,2,0),
(30,1,1),
(30,2,0),
(31,1,1),
(31,2,0);

/*Table structure for table `matkul_kelas` */

DROP TABLE IF EXISTS `matkul_kelas`;

CREATE TABLE `matkul_kelas` (
  `no_matkul` int(20) DEFAULT NULL,
  `no_kelas` int(20) DEFAULT NULL,
  `nilai` int(20) DEFAULT NULL,
  KEY `fk_matkul` (`no_matkul`),
  KEY `fk_kelas` (`no_kelas`),
  CONSTRAINT `fk_kelas` FOREIGN KEY (`no_kelas`) REFERENCES `kelas` (`no`),
  CONSTRAINT `fk_matkul` FOREIGN KEY (`no_matkul`) REFERENCES `matkul` (`no`)
) ENGINE=InnoDB DEFAULT CHARSET=latin1;

/*Data for the table `matkul_kelas` */

insert  into `matkul_kelas`(`no_matkul`,`no_kelas`,`nilai`) values 
(1,1,1),
(1,2,0),
(1,3,0),
(1,4,0),
(2,1,1),
(2,2,0),
(2,3,0),
(2,4,0),
(3,1,1),
(3,2,0),
(3,3,0),
(3,4,0),
(4,1,1),
(4,2,0),
(4,3,0),
(4,4,0),
(5,1,1),
(5,2,0),
(5,3,0),
(5,4,0),
(6,1,1),
(6,2,0),
(6,3,0),
(6,4,0),
(7,1,1),
(7,2,0),
(7,3,0),
(7,4,0),
(8,1,0),
(8,2,1),
(8,3,0),
(8,4,0),
(9,1,1),
(9,2,0),
(9,3,0),
(9,4,0),
(10,1,0),
(10,2,1),
(10,3,0),
(10,4,0),
(11,1,0),
(11,2,1),
(11,3,0),
(11,4,0),
(12,1,0),
(12,2,1),
(12,3,0),
(12,4,0),
(13,1,0),
(13,2,1),
(13,3,0),
(13,4,0),
(14,1,0),
(14,2,1),
(14,3,0),
(14,4,0),
(15,1,0),
(15,2,0),
(15,3,1),
(15,4,0),
(16,1,0),
(16,2,0),
(16,3,1),
(16,4,0),
(17,1,0),
(17,2,0),
(17,3,1),
(17,4,0),
(18,1,0),
(18,2,0),
(18,3,1),
(18,4,0),
(19,1,0),
(19,2,0),
(19,3,1),
(19,4,0),
(20,1,0),
(20,2,0),
(20,3,1),
(20,4,0),
(21,1,0),
(21,2,0),
(21,3,1),
(21,4,0),
(22,1,0),
(22,2,0),
(22,3,1),
(22,4,0),
(23,1,0),
(23,2,0),
(23,3,0),
(23,4,1),
(24,1,0),
(24,2,0),
(24,3,0),
(24,4,1),
(25,1,0),
(25,2,0),
(25,3,0),
(25,4,1),
(26,1,0),
(26,2,0),
(26,3,0),
(26,4,1),
(27,1,0),
(27,2,0),
(27,3,0),
(27,4,1),
(28,1,0),
(28,2,0),
(28,3,0),
(28,4,1),
(29,1,0),
(29,2,0),
(29,3,0),
(29,4,1),
(30,1,0),
(30,2,0),
(30,3,0),
(30,4,1),
(31,1,0),
(31,2,0),
(31,3,0),
(31,4,1);

/*Table structure for table `ruangan` */

DROP TABLE IF EXISTS `ruangan`;

CREATE TABLE `ruangan` (
  `no` int(20) NOT NULL AUTO_INCREMENT,
  `nama` varchar(225) DEFAULT NULL,
  `kapasitas` int(20) DEFAULT NULL,
  PRIMARY KEY (`no`)
) ENGINE=InnoDB AUTO_INCREMENT=7 DEFAULT CHARSET=latin1;

/*Data for the table `ruangan` */

insert  into `ruangan`(`no`,`nama`,`kapasitas`) values 
(1,'GD722',120),
(2,'GD912',60),
(3,'GD922',30),
(4,'GD923',30),
(5,'AUD',200),
(6,'Belum di-set',0);

/*Table structure for table `sesi` */

DROP TABLE IF EXISTS `sesi`;

CREATE TABLE `sesi` (
  `no` int(20) NOT NULL AUTO_INCREMENT,
  `nama` varchar(225) DEFAULT NULL,
  PRIMARY KEY (`no`)
) ENGINE=InnoDB AUTO_INCREMENT=9 DEFAULT CHARSET=latin1;

/*Data for the table `sesi` */

insert  into `sesi`(`no`,`nama`) values 
(1,'SESI 8'),
(2,'SESI 7'),
(3,'SESI 6'),
(4,'SESI 5'),
(5,'SESI 4'),
(6,'SESI 3'),
(7,'SESI 2'),
(8,'SESI 1');

/*!40101 SET SQL_MODE=@OLD_SQL_MODE */;
/*!40014 SET FOREIGN_KEY_CHECKS=@OLD_FOREIGN_KEY_CHECKS */;
/*!40014 SET UNIQUE_CHECKS=@OLD_UNIQUE_CHECKS */;
/*!40111 SET SQL_NOTES=@OLD_SQL_NOTES */;
