/*
SQLyog Ultimate v12.5.1 (64 bit)
MySQL - 10.1.21-MariaDB : Database - penjadwalan_sarjana
*********************************************************************
*/

/*!40101 SET NAMES utf8 */;

/*!40101 SET SQL_MODE=''*/;

/*!40014 SET @OLD_UNIQUE_CHECKS=@@UNIQUE_CHECKS, UNIQUE_CHECKS=0 */;
/*!40014 SET @OLD_FOREIGN_KEY_CHECKS=@@FOREIGN_KEY_CHECKS, FOREIGN_KEY_CHECKS=0 */;
/*!40101 SET @OLD_SQL_MODE=@@SQL_MODE, SQL_MODE='NO_AUTO_VALUE_ON_ZERO' */;
/*!40111 SET @OLD_SQL_NOTES=@@SQL_NOTES, SQL_NOTES=0 */;
CREATE DATABASE /*!32312 IF NOT EXISTS*/`penjadwalan_sarjana` /*!40100 DEFAULT CHARACTER SET latin1 */;

USE `penjadwalan_sarjana`;

/*Table structure for table `dosen` */

DROP TABLE IF EXISTS `dosen`;

CREATE TABLE `dosen` (
  `no` int(20) NOT NULL AUTO_INCREMENT,
  `nama` varchar(225) NOT NULL,
  PRIMARY KEY (`no`)
) ENGINE=InnoDB AUTO_INCREMENT=35 DEFAULT CHARSET=latin1;

/*Data for the table `dosen` */

insert  into `dosen`(`no`,`nama`) values 
(1,'IFY'),
(2,'NMA'),
(3,'MMM'),
(4,'RMM'),
(5,'ASD'),
(6,'ANA'),
(7,'YYS'),
(8,'GDE'),
(9,'PAT'),
(10,'LMG'),
(11,'ICB'),
(12,'ESS'),
(13,'ART'),
(14,'MPR'),
(15,'RCS'),
(16,'AMS'),
(17,'PN'),
(18,'TNT'),
(19,'TMP'),
(20,'ACB'),
(21,'YBN'),
(22,'MSS'),
(23,'THS'),
(24,'SGS'),
(25,'JUN'),
(26,'TLG'),
(27,'ABS'),
(28,'GFP'),
(29,'MSL'),
(30,'IHT'),
(31,'SFA'),
(32,'YMA'),
(33,'REG'),
(34,'AFS');

/*Table structure for table `dosen_matkul` */

DROP TABLE IF EXISTS `dosen_matkul`;

CREATE TABLE `dosen_matkul` (
  `no_dosen` int(20) DEFAULT NULL,
  `no_matkul` int(20) DEFAULT NULL,
  `nilai` int(20) DEFAULT NULL,
  KEY `fk_dosen` (`no_dosen`),
  KEY `fk_matkul2` (`no_matkul`),
  CONSTRAINT `fk_dosen` FOREIGN KEY (`no_dosen`) REFERENCES `dosen` (`no`),
  CONSTRAINT `fk_matkul2` FOREIGN KEY (`no_matkul`) REFERENCES `matkul` (`no`)
) ENGINE=InnoDB DEFAULT CHARSET=latin1;

/*Data for the table `dosen_matkul` */

insert  into `dosen_matkul`(`no_dosen`,`no_matkul`,`nilai`) values 
(1,1,0),
(1,2,0),
(1,3,0),
(1,4,0),
(1,5,0),
(1,6,0),
(1,7,0),
(1,8,0),
(1,9,0),
(1,10,0),
(1,11,0),
(1,12,1),
(1,13,0),
(1,14,0),
(1,15,0),
(1,16,0),
(1,17,0),
(1,18,0),
(1,19,0),
(1,20,0),
(1,21,0),
(1,22,0),
(1,23,0),
(1,24,0),
(1,25,0),
(1,26,0),
(1,27,0),
(1,28,0),
(1,29,0),
(1,30,0),
(1,31,0),
(1,32,0),
(1,33,0),
(1,34,0),
(1,35,0),
(1,36,0),
(1,37,0),
(1,38,0),
(1,39,0),
(1,40,0),
(1,41,0),
(1,42,0),
(1,43,0),
(1,44,0),
(1,45,0),
(1,46,0),
(1,47,0),
(1,48,0),
(1,49,0),
(1,50,0),
(1,51,0),
(1,52,0),
(1,53,0),
(1,54,0),
(1,55,0),
(1,56,0),
(1,57,0),
(1,58,0),
(1,59,0),
(1,60,0),
(1,61,0),
(1,62,0),
(1,63,0),
(1,64,0),
(1,65,0),
(1,66,0),
(1,67,0),
(1,68,0),
(1,69,0),
(1,70,0),
(1,71,0),
(1,72,0),
(1,73,0),
(1,74,0),
(1,75,0),
(1,76,0),
(1,77,0),
(1,78,0),
(1,79,0),
(1,80,0),
(1,81,0),
(1,82,0),
(1,83,0),
(1,84,0),
(1,85,0),
(2,1,0),
(2,2,1),
(2,3,0),
(2,4,0),
(2,5,0),
(2,6,0),
(2,7,0),
(2,8,0),
(2,9,0),
(2,10,0),
(2,11,0),
(2,12,0),
(2,13,0),
(2,14,0),
(2,15,0),
(2,16,0),
(2,17,0),
(2,18,0),
(2,19,0),
(2,20,0),
(2,21,1),
(2,22,0),
(2,23,0),
(2,24,0),
(2,25,0),
(2,26,0),
(2,27,0),
(2,28,0),
(2,29,1),
(2,30,0),
(2,31,0),
(2,32,0),
(2,33,0),
(2,34,0),
(2,35,0),
(2,36,0),
(2,37,0),
(2,38,0),
(2,39,0),
(2,40,0),
(2,41,0),
(2,42,0),
(2,43,0),
(2,44,0),
(2,45,0),
(2,46,0),
(2,47,0),
(2,48,0),
(2,49,0),
(2,50,0),
(2,51,0),
(2,52,0),
(2,53,0),
(2,54,0),
(2,55,0),
(2,56,0),
(2,57,0),
(2,58,0),
(2,59,0),
(2,60,0),
(2,61,0),
(2,62,0),
(2,63,0),
(2,64,0),
(2,65,0),
(2,66,0),
(2,67,0),
(2,68,0),
(2,69,0),
(2,70,0),
(2,71,0),
(2,72,0),
(2,73,0),
(2,74,0),
(2,75,0),
(2,76,0),
(2,77,0),
(2,78,0),
(2,79,0),
(2,80,0),
(2,81,0),
(2,82,0),
(2,83,0),
(2,84,0),
(2,85,0),
(3,1,0),
(3,2,0),
(3,3,1),
(3,4,0),
(3,5,0),
(3,6,0),
(3,7,0),
(3,8,0),
(3,9,0),
(3,10,0),
(3,11,0),
(3,12,0),
(3,13,0),
(3,14,0),
(3,15,0),
(3,16,0),
(3,17,0),
(3,18,0),
(3,19,0),
(3,20,0),
(3,21,0),
(3,22,0),
(3,23,0),
(3,24,0),
(3,25,0),
(3,26,0),
(3,27,0),
(3,28,0),
(3,29,0),
(3,30,1),
(3,31,0),
(3,32,0),
(3,33,0),
(3,34,0),
(3,35,0),
(3,36,0),
(3,37,0),
(3,38,0),
(3,39,0),
(3,40,0),
(3,41,0),
(3,42,0),
(3,43,0),
(3,44,0),
(3,45,0),
(3,46,0),
(3,47,0),
(3,48,0),
(3,49,0),
(3,50,0),
(3,51,0),
(3,52,0),
(3,53,0),
(3,54,0),
(3,55,0),
(3,56,0),
(3,57,1),
(3,58,0),
(3,59,0),
(3,60,0),
(3,61,0),
(3,62,0),
(3,63,0),
(3,64,0),
(3,65,0),
(3,66,0),
(3,67,0),
(3,68,0),
(3,69,0),
(3,70,0),
(3,71,0),
(3,72,0),
(3,73,0),
(3,74,0),
(3,75,0),
(3,76,0),
(3,77,0),
(3,78,0),
(3,79,0),
(3,80,0),
(3,81,0),
(3,82,0),
(3,83,0),
(3,84,0),
(3,85,0),
(4,1,0),
(4,2,0),
(4,3,0),
(4,4,1),
(4,5,0),
(4,6,0),
(4,7,0),
(4,8,0),
(4,9,0),
(4,10,0),
(4,11,0),
(4,12,0),
(4,13,0),
(4,14,0),
(4,15,0),
(4,16,0),
(4,17,0),
(4,18,0),
(4,19,0),
(4,20,0),
(4,21,0),
(4,22,0),
(4,23,0),
(4,24,0),
(4,25,0),
(4,26,0),
(4,27,0),
(4,28,0),
(4,29,0),
(4,30,0),
(4,31,0),
(4,32,0),
(4,33,0),
(4,34,0),
(4,35,0),
(4,36,0),
(4,37,0),
(4,38,0),
(4,39,0),
(4,40,0),
(4,41,0),
(4,42,0),
(4,43,0),
(4,44,0),
(4,45,0),
(4,46,0),
(4,47,0),
(4,48,0),
(4,49,0),
(4,50,0),
(4,51,0),
(4,52,0),
(4,53,0),
(4,54,0),
(4,55,0),
(4,56,0),
(4,57,0),
(4,58,1),
(4,59,0),
(4,60,0),
(4,61,0),
(4,62,0),
(4,63,0),
(4,64,0),
(4,65,0),
(4,66,0),
(4,67,0),
(4,68,0),
(4,69,0),
(4,70,0),
(4,71,0),
(4,72,0),
(4,73,0),
(4,74,0),
(4,75,0),
(4,76,0),
(4,77,0),
(4,78,0),
(4,79,0),
(4,80,0),
(4,81,0),
(4,82,0),
(4,83,0),
(4,84,0),
(4,85,0),
(5,1,0),
(5,2,0),
(5,3,0),
(5,4,0),
(5,5,0),
(5,6,0),
(5,7,0),
(5,8,0),
(5,9,0),
(5,10,0),
(5,11,0),
(5,12,0),
(5,13,0),
(5,14,0),
(5,15,0),
(5,16,0),
(5,17,1),
(5,18,0),
(5,19,0),
(5,20,0),
(5,21,0),
(5,22,0),
(5,23,0),
(5,24,0),
(5,25,0),
(5,26,0),
(5,27,0),
(5,28,0),
(5,29,0),
(5,30,0),
(5,31,0),
(5,32,1),
(5,33,0),
(5,34,0),
(5,35,0),
(5,36,0),
(5,37,0),
(5,38,0),
(5,39,0),
(5,40,0),
(5,41,0),
(5,42,0),
(5,43,0),
(5,44,0),
(5,45,0),
(5,46,0),
(5,47,0),
(5,48,0),
(5,49,0),
(5,50,0),
(5,51,0),
(5,52,0),
(5,53,0),
(5,54,0),
(5,55,0),
(5,56,0),
(5,57,0),
(5,58,0),
(5,59,1),
(5,60,0),
(5,61,0),
(5,62,0),
(5,63,0),
(5,64,0),
(5,65,0),
(5,66,0),
(5,67,0),
(5,68,0),
(5,69,0),
(5,70,0),
(5,71,0),
(5,72,0),
(5,73,0),
(5,74,0),
(5,75,0),
(5,76,0),
(5,77,0),
(5,78,0),
(5,79,0),
(5,80,0),
(5,81,0),
(5,82,0),
(5,83,0),
(5,84,0),
(5,85,0),
(6,1,0),
(6,2,0),
(6,3,0),
(6,4,0),
(6,5,0),
(6,6,1),
(6,7,0),
(6,8,0),
(6,9,0),
(6,10,0),
(6,11,0),
(6,12,0),
(6,13,0),
(6,14,0),
(6,15,0),
(6,16,0),
(6,17,0),
(6,18,0),
(6,19,0),
(6,20,0),
(6,21,0),
(6,22,0),
(6,23,0),
(6,24,0),
(6,25,0),
(6,26,0),
(6,27,0),
(6,28,0),
(6,29,0),
(6,30,0),
(6,31,0),
(6,32,0),
(6,33,1),
(6,34,0),
(6,35,0),
(6,36,0),
(6,37,0),
(6,38,1),
(6,39,0),
(6,40,0),
(6,41,0),
(6,42,0),
(6,43,0),
(6,44,0),
(6,45,0),
(6,46,0),
(6,47,0),
(6,48,0),
(6,49,0),
(6,50,0),
(6,51,0),
(6,52,0),
(6,53,0),
(6,54,0),
(6,55,0),
(6,56,0),
(6,57,0),
(6,58,0),
(6,59,0),
(6,60,1),
(6,61,0),
(6,62,0),
(6,63,0),
(6,64,0),
(6,65,0),
(6,66,0),
(6,67,0),
(6,68,0),
(6,69,0),
(6,70,0),
(6,71,0),
(6,72,0),
(6,73,0),
(6,74,0),
(6,75,0),
(6,76,0),
(6,77,0),
(6,78,0),
(6,79,0),
(6,80,0),
(6,81,0),
(6,82,0),
(6,83,0),
(6,84,0),
(6,85,0),
(7,1,0),
(7,2,0),
(7,3,0),
(7,4,0),
(7,5,0),
(7,6,0),
(7,7,1),
(7,8,0),
(7,9,1),
(7,10,0),
(7,11,0),
(7,12,0),
(7,13,0),
(7,14,0),
(7,15,0),
(7,16,1),
(7,17,0),
(7,18,0),
(7,19,0),
(7,20,0),
(7,21,0),
(7,22,0),
(7,23,0),
(7,24,0),
(7,25,0),
(7,26,0),
(7,27,0),
(7,28,0),
(7,29,0),
(7,30,0),
(7,31,0),
(7,32,0),
(7,33,0),
(7,34,0),
(7,35,0),
(7,36,1),
(7,37,0),
(7,38,0),
(7,39,0),
(7,40,0),
(7,41,0),
(7,42,0),
(7,43,0),
(7,44,0),
(7,45,0),
(7,46,0),
(7,47,0),
(7,48,0),
(7,49,0),
(7,50,0),
(7,51,0),
(7,52,0),
(7,53,0),
(7,54,0),
(7,55,0),
(7,56,0),
(7,57,0),
(7,58,0),
(7,59,0),
(7,60,0),
(7,61,0),
(7,62,0),
(7,63,0),
(7,64,0),
(7,65,0),
(7,66,0),
(7,67,1),
(7,68,0),
(7,69,0),
(7,70,0),
(7,71,0),
(7,72,0),
(7,73,0),
(7,74,0),
(7,75,0),
(7,76,0),
(7,77,0),
(7,78,0),
(7,79,0),
(7,80,0),
(7,81,0),
(7,82,0),
(7,83,0),
(7,84,0),
(7,85,0),
(8,1,0),
(8,2,0),
(8,3,0),
(8,4,0),
(8,5,0),
(8,6,0),
(8,7,0),
(8,8,1),
(8,9,0),
(8,10,0),
(8,11,0),
(8,12,0),
(8,13,0),
(8,14,0),
(8,15,0),
(8,16,0),
(8,17,0),
(8,18,0),
(8,19,0),
(8,20,0),
(8,21,0),
(8,22,0),
(8,23,0),
(8,24,0),
(8,25,0),
(8,26,0),
(8,27,0),
(8,28,0),
(8,29,0),
(8,30,0),
(8,31,0),
(8,32,0),
(8,33,0),
(8,34,0),
(8,35,1),
(8,36,0),
(8,37,0),
(8,38,0),
(8,39,0),
(8,40,0),
(8,41,0),
(8,42,0),
(8,43,0),
(8,44,0),
(8,45,0),
(8,46,0),
(8,47,0),
(8,48,0),
(8,49,0),
(8,50,0),
(8,51,0),
(8,52,0),
(8,53,0),
(8,54,0),
(8,55,0),
(8,56,0),
(8,57,0),
(8,58,0),
(8,59,0),
(8,60,0),
(8,61,0),
(8,62,0),
(8,63,0),
(8,64,1),
(8,65,0),
(8,66,0),
(8,67,0),
(8,68,0),
(8,69,0),
(8,70,0),
(8,71,0),
(8,72,0),
(8,73,0),
(8,74,0),
(8,75,0),
(8,76,0),
(8,77,0),
(8,78,0),
(8,79,0),
(8,80,0),
(8,81,0),
(8,82,0),
(8,83,0),
(8,84,0),
(8,85,0),
(9,1,0),
(9,2,0),
(9,3,0),
(9,4,0),
(9,5,0),
(9,6,0),
(9,7,0),
(9,8,0),
(9,9,0),
(9,10,1),
(9,11,0),
(9,12,0),
(9,13,0),
(9,14,0),
(9,15,0),
(9,16,0),
(9,17,0),
(9,18,0),
(9,19,0),
(9,20,0),
(9,21,0),
(9,22,0),
(9,23,0),
(9,24,0),
(9,25,0),
(9,26,0),
(9,27,0),
(9,28,0),
(9,29,0),
(9,30,0),
(9,31,0),
(9,32,0),
(9,33,0),
(9,34,0),
(9,35,0),
(9,36,0),
(9,37,1),
(9,38,0),
(9,39,0),
(9,40,0),
(9,41,0),
(9,42,0),
(9,43,0),
(9,44,0),
(9,45,0),
(9,46,0),
(9,47,0),
(9,48,1),
(9,49,0),
(9,50,0),
(9,51,0),
(9,52,0),
(9,53,0),
(9,54,0),
(9,55,0),
(9,56,0),
(9,57,0),
(9,58,0),
(9,59,0),
(9,60,0),
(9,61,0),
(9,62,0),
(9,63,0),
(9,64,0),
(9,65,0),
(9,66,0),
(9,67,0),
(9,68,0),
(9,69,0),
(9,70,0),
(9,71,0),
(9,72,0),
(9,73,0),
(9,74,0),
(9,75,0),
(9,76,0),
(9,77,0),
(9,78,0),
(9,79,0),
(9,80,0),
(9,81,0),
(9,82,0),
(9,83,0),
(9,84,0),
(9,85,0),
(10,1,0),
(10,2,0),
(10,3,0),
(10,4,0),
(10,5,0),
(10,6,0),
(10,7,0),
(10,8,0),
(10,9,0),
(10,10,0),
(10,11,1),
(10,12,0),
(10,13,0),
(10,14,0),
(10,15,0),
(10,16,0),
(10,17,0),
(10,18,0),
(10,19,0),
(10,20,0),
(10,21,0),
(10,22,0),
(10,23,0),
(10,24,0),
(10,25,0),
(10,26,0),
(10,27,0),
(10,28,0),
(10,29,0),
(10,30,0),
(10,31,0),
(10,32,0),
(10,33,0),
(10,34,0),
(10,35,0),
(10,36,0),
(10,37,0),
(10,38,0),
(10,39,0),
(10,40,0),
(10,41,0),
(10,42,0),
(10,43,0),
(10,44,0),
(10,45,0),
(10,46,0),
(10,47,0),
(10,48,0),
(10,49,0),
(10,50,0),
(10,51,0),
(10,52,0),
(10,53,0),
(10,54,0),
(10,55,0),
(10,56,0),
(10,57,0),
(10,58,0),
(10,59,0),
(10,60,0),
(10,61,0),
(10,62,0),
(10,63,0),
(10,64,0),
(10,65,0),
(10,66,0),
(10,67,0),
(10,68,0),
(10,69,0),
(10,70,0),
(10,71,0),
(10,72,0),
(10,73,0),
(10,74,0),
(10,75,0),
(10,76,0),
(10,77,0),
(10,78,0),
(10,79,0),
(10,80,0),
(10,81,0),
(10,82,0),
(10,83,0),
(10,84,0),
(10,85,0),
(11,1,0),
(11,2,0),
(11,3,0),
(11,4,0),
(11,5,0),
(11,6,0),
(11,7,0),
(11,8,0),
(11,9,0),
(11,10,0),
(11,11,0),
(11,12,0),
(11,13,1),
(11,14,0),
(11,15,0),
(11,16,0),
(11,17,0),
(11,18,0),
(11,19,0),
(11,20,1),
(11,21,0),
(11,22,1),
(11,23,0),
(11,24,0),
(11,25,0),
(11,26,0),
(11,27,0),
(11,28,0),
(11,29,0),
(11,30,0),
(11,31,0),
(11,32,0),
(11,33,0),
(11,34,0),
(11,35,0),
(11,36,0),
(11,37,0),
(11,38,0),
(11,39,0),
(11,40,0),
(11,41,0),
(11,42,0),
(11,43,0),
(11,44,0),
(11,45,0),
(11,46,0),
(11,47,0),
(11,48,0),
(11,49,0),
(11,50,0),
(11,51,0),
(11,52,0),
(11,53,0),
(11,54,0),
(11,55,0),
(11,56,0),
(11,57,0),
(11,58,0),
(11,59,0),
(11,60,0),
(11,61,0),
(11,62,0),
(11,63,0),
(11,64,0),
(11,65,0),
(11,66,1),
(11,67,0),
(11,68,0),
(11,69,0),
(11,70,0),
(11,71,0),
(11,72,0),
(11,73,0),
(11,74,0),
(11,75,0),
(11,76,0),
(11,77,0),
(11,78,0),
(11,79,0),
(11,80,0),
(11,81,0),
(11,82,0),
(11,83,0),
(11,84,0),
(11,85,0),
(12,1,0),
(12,2,0),
(12,3,0),
(12,4,0),
(12,5,0),
(12,6,0),
(12,7,0),
(12,8,0),
(12,9,0),
(12,10,0),
(12,11,0),
(12,12,0),
(12,13,0),
(12,14,1),
(12,15,0),
(12,16,0),
(12,17,0),
(12,18,0),
(12,19,0),
(12,20,0),
(12,21,0),
(12,22,0),
(12,23,0),
(12,24,0),
(12,25,0),
(12,26,0),
(12,27,0),
(12,28,0),
(12,29,0),
(12,30,0),
(12,31,0),
(12,32,0),
(12,33,0),
(12,34,0),
(12,35,0),
(12,36,0),
(12,37,0),
(12,38,0),
(12,39,0),
(12,40,0),
(12,41,1),
(12,42,0),
(12,43,0),
(12,44,0),
(12,45,0),
(12,46,0),
(12,47,0),
(12,48,0),
(12,49,0),
(12,50,0),
(12,51,0),
(12,52,0),
(12,53,0),
(12,54,0),
(12,55,0),
(12,56,0),
(12,57,0),
(12,58,0),
(12,59,0),
(12,60,0),
(12,61,0),
(12,62,0),
(12,63,0),
(12,64,0),
(12,65,0),
(12,66,0),
(12,67,0),
(12,68,0),
(12,69,0),
(12,70,0),
(12,71,0),
(12,72,0),
(12,73,0),
(12,74,0),
(12,75,0),
(12,76,0),
(12,77,0),
(12,78,0),
(12,79,0),
(12,80,0),
(12,81,0),
(12,82,0),
(12,83,0),
(12,84,0),
(12,85,0),
(13,1,0),
(13,2,0),
(13,3,0),
(13,4,0),
(13,5,0),
(13,6,0),
(13,7,0),
(13,8,0),
(13,9,0),
(13,10,0),
(13,11,0),
(13,12,0),
(13,13,0),
(13,14,1),
(13,15,1),
(13,16,0),
(13,17,0),
(13,18,0),
(13,19,0),
(13,20,0),
(13,21,0),
(13,22,0),
(13,23,0),
(13,24,0),
(13,25,0),
(13,26,0),
(13,27,0),
(13,28,0),
(13,29,0),
(13,30,0),
(13,31,0),
(13,32,0),
(13,33,0),
(13,34,0),
(13,35,0),
(13,36,0),
(13,37,0),
(13,38,0),
(13,39,0),
(13,40,0),
(13,41,0),
(13,42,0),
(13,43,0),
(13,44,0),
(13,45,0),
(13,46,0),
(13,47,0),
(13,48,0),
(13,49,0),
(13,50,0),
(13,51,0),
(13,52,0),
(13,53,0),
(13,54,0),
(13,55,0),
(13,56,0),
(13,57,0),
(13,58,0),
(13,59,0),
(13,60,0),
(13,61,0),
(13,62,0),
(13,63,0),
(13,64,0),
(13,65,0),
(13,66,0),
(13,67,0),
(13,68,0),
(13,69,0),
(13,70,0),
(13,71,0),
(13,72,0),
(13,73,0),
(13,74,0),
(13,75,0),
(13,76,0),
(13,77,0),
(13,78,0),
(13,79,1),
(13,80,0),
(13,81,0),
(13,82,0),
(13,83,0),
(13,84,0),
(13,85,0),
(14,1,0),
(14,2,0),
(14,3,0),
(14,4,0),
(14,5,0),
(14,6,0),
(14,7,0),
(14,8,0),
(14,9,0),
(14,10,0),
(14,11,0),
(14,12,0),
(14,13,0),
(14,14,0),
(14,15,0),
(14,16,0),
(14,17,0),
(14,18,1),
(14,19,0),
(14,20,0),
(14,21,0),
(14,22,0),
(14,23,0),
(14,24,0),
(14,25,0),
(14,26,0),
(14,27,0),
(14,28,0),
(14,29,0),
(14,30,0),
(14,31,1),
(14,32,0),
(14,33,0),
(14,34,0),
(14,35,0),
(14,36,0),
(14,37,0),
(14,38,0),
(14,39,0),
(14,40,0),
(14,41,0),
(14,42,0),
(14,43,0),
(14,44,0),
(14,45,1),
(14,46,0),
(14,47,0),
(14,48,0),
(14,49,0),
(14,50,0),
(14,51,0),
(14,52,0),
(14,53,0),
(14,54,0),
(14,55,0),
(14,56,0),
(14,57,0),
(14,58,0),
(14,59,0),
(14,60,0),
(14,61,0),
(14,62,0),
(14,63,0),
(14,64,0),
(14,65,0),
(14,66,0),
(14,67,0),
(14,68,0),
(14,69,0),
(14,70,0),
(14,71,0),
(14,72,0),
(14,73,0),
(14,74,0),
(14,75,0),
(14,76,0),
(14,77,0),
(14,78,0),
(14,79,0),
(14,80,0),
(14,81,0),
(14,82,0),
(14,83,0),
(14,84,0),
(14,85,0),
(15,1,0),
(15,2,0),
(15,3,0),
(15,4,0),
(15,5,0),
(15,6,0),
(15,7,0),
(15,8,0),
(15,9,0),
(15,10,0),
(15,11,0),
(15,12,0),
(15,13,0),
(15,14,0),
(15,15,0),
(15,16,0),
(15,17,0),
(15,18,0),
(15,19,1),
(15,20,0),
(15,21,0),
(15,22,0),
(15,23,0),
(15,24,0),
(15,25,0),
(15,26,0),
(15,27,0),
(15,28,0),
(15,29,0),
(15,30,0),
(15,31,0),
(15,32,0),
(15,33,0),
(15,34,0),
(15,35,0),
(15,36,0),
(15,37,0),
(15,38,0),
(15,39,0),
(15,40,0),
(15,41,0),
(15,42,0),
(15,43,0),
(15,44,0),
(15,45,0),
(15,46,1),
(15,47,0),
(15,48,0),
(15,49,0),
(15,50,0),
(15,51,0),
(15,52,0),
(15,53,0),
(15,54,0),
(15,55,0),
(15,56,0),
(15,57,0),
(15,58,0),
(15,59,0),
(15,60,0),
(15,61,0),
(15,62,0),
(15,63,0),
(15,64,0),
(15,65,0),
(15,66,0),
(15,67,0),
(15,68,0),
(15,69,0),
(15,70,0),
(15,71,0),
(15,72,0),
(15,73,0),
(15,74,0),
(15,75,0),
(15,76,0),
(15,77,0),
(15,78,0),
(15,79,0),
(15,80,0),
(15,81,0),
(15,82,0),
(15,83,0),
(15,84,0),
(15,85,0),
(16,1,0),
(16,2,0),
(16,3,0),
(16,4,0),
(16,5,0),
(16,6,0),
(16,7,0),
(16,8,0),
(16,9,0),
(16,10,0),
(16,11,0),
(16,12,0),
(16,13,0),
(16,14,0),
(16,15,0),
(16,16,0),
(16,17,0),
(16,18,0),
(16,19,0),
(16,20,0),
(16,21,0),
(16,22,0),
(16,23,1),
(16,24,0),
(16,25,0),
(16,26,0),
(16,27,0),
(16,28,0),
(16,29,0),
(16,30,0),
(16,31,0),
(16,32,0),
(16,33,0),
(16,34,0),
(16,35,0),
(16,36,0),
(16,37,0),
(16,38,0),
(16,39,0),
(16,40,0),
(16,41,0),
(16,42,0),
(16,43,0),
(16,44,0),
(16,45,0),
(16,46,0),
(16,47,0),
(16,48,0),
(16,49,0),
(16,50,0),
(16,51,0),
(16,52,0),
(16,53,0),
(16,54,0),
(16,55,0),
(16,56,0),
(16,57,0),
(16,58,0),
(16,59,0),
(16,60,0),
(16,61,0),
(16,62,0),
(16,63,0),
(16,64,0),
(16,65,0),
(16,66,0),
(16,67,0),
(16,68,0),
(16,69,0),
(16,70,0),
(16,71,0),
(16,72,0),
(16,73,0),
(16,74,0),
(16,75,0),
(16,76,0),
(16,77,0),
(16,78,0),
(16,79,0),
(16,80,0),
(16,81,0),
(16,82,0),
(16,83,0),
(16,84,0),
(16,85,0),
(17,1,0),
(17,2,0),
(17,3,0),
(17,4,0),
(17,5,0),
(17,6,0),
(17,7,0),
(17,8,0),
(17,9,0),
(17,10,0),
(17,11,0),
(17,12,0),
(17,13,0),
(17,14,0),
(17,15,0),
(17,16,0),
(17,17,0),
(17,18,0),
(17,19,0),
(17,20,0),
(17,21,0),
(17,22,0),
(17,23,0),
(17,24,1),
(17,25,0),
(17,26,0),
(17,27,0),
(17,28,0),
(17,29,0),
(17,30,0),
(17,31,0),
(17,32,0),
(17,33,0),
(17,34,0),
(17,35,0),
(17,36,0),
(17,37,0),
(17,38,0),
(17,39,0),
(17,40,0),
(17,41,0),
(17,42,0),
(17,43,0),
(17,44,0),
(17,45,0),
(17,46,0),
(17,47,0),
(17,48,0),
(17,49,0),
(17,50,1),
(17,51,0),
(17,52,0),
(17,53,0),
(17,54,0),
(17,55,0),
(17,56,0),
(17,57,0),
(17,58,0),
(17,59,0),
(17,60,0),
(17,61,0),
(17,62,0),
(17,63,0),
(17,64,0),
(17,65,0),
(17,66,0),
(17,67,0),
(17,68,0),
(17,69,0),
(17,70,0),
(17,71,0),
(17,72,0),
(17,73,0),
(17,74,0),
(17,75,0),
(17,76,0),
(17,77,0),
(17,78,0),
(17,79,0),
(17,80,1),
(17,81,0),
(17,82,0),
(17,83,0),
(17,84,0),
(17,85,0),
(18,1,0),
(18,2,0),
(18,3,0),
(18,4,0),
(18,5,0),
(18,6,0),
(18,7,0),
(18,8,0),
(18,9,0),
(18,10,0),
(18,11,0),
(18,12,0),
(18,13,0),
(18,14,0),
(18,15,0),
(18,16,0),
(18,17,0),
(18,18,0),
(18,19,0),
(18,20,0),
(18,21,0),
(18,22,0),
(18,23,0),
(18,24,0),
(18,25,1),
(18,26,0),
(18,27,0),
(18,28,0),
(18,29,0),
(18,30,0),
(18,31,0),
(18,32,0),
(18,33,0),
(18,34,0),
(18,35,0),
(18,36,0),
(18,37,0),
(18,38,0),
(18,39,0),
(18,40,0),
(18,41,0),
(18,42,0),
(18,43,0),
(18,44,0),
(18,45,0),
(18,46,0),
(18,47,0),
(18,48,0),
(18,49,0),
(18,50,0),
(18,51,0),
(18,52,0),
(18,53,0),
(18,54,0),
(18,55,0),
(18,56,0),
(18,57,0),
(18,58,0),
(18,59,0),
(18,60,0),
(18,61,0),
(18,62,0),
(18,63,0),
(18,64,0),
(18,65,0),
(18,66,0),
(18,67,0),
(18,68,0),
(18,69,0),
(18,70,0),
(18,71,0),
(18,72,0),
(18,73,0),
(18,74,0),
(18,75,0),
(18,76,0),
(18,77,0),
(18,78,0),
(18,79,0),
(18,80,0),
(18,81,0),
(18,82,0),
(18,83,0),
(18,84,0),
(18,85,0),
(19,1,0),
(19,2,0),
(19,3,0),
(19,4,0),
(19,5,0),
(19,6,0),
(19,7,0),
(19,8,0),
(19,9,0),
(19,10,0),
(19,11,0),
(19,12,0),
(19,13,0),
(19,14,0),
(19,15,0),
(19,16,0),
(19,17,0),
(19,18,0),
(19,19,0),
(19,20,0),
(19,21,0),
(19,22,0),
(19,23,0),
(19,24,0),
(19,25,0),
(19,26,1),
(19,27,0),
(19,28,0),
(19,29,0),
(19,30,0),
(19,31,0),
(19,32,0),
(19,33,0),
(19,34,0),
(19,35,0),
(19,36,0),
(19,37,0),
(19,38,0),
(19,39,0),
(19,40,0),
(19,41,0),
(19,42,0),
(19,43,0),
(19,44,0),
(19,45,0),
(19,46,0),
(19,47,0),
(19,48,0),
(19,49,0),
(19,50,0),
(19,51,0),
(19,52,0),
(19,53,0),
(19,54,0),
(19,55,0),
(19,56,0),
(19,57,0),
(19,58,0),
(19,59,0),
(19,60,0),
(19,61,0),
(19,62,0),
(19,63,0),
(19,64,0),
(19,65,0),
(19,66,0),
(19,67,0),
(19,68,0),
(19,69,0),
(19,70,0),
(19,71,0),
(19,72,0),
(19,73,0),
(19,74,0),
(19,75,0),
(19,76,0),
(19,77,0),
(19,78,0),
(19,79,0),
(19,80,0),
(19,81,0),
(19,82,0),
(19,83,0),
(19,84,0),
(19,85,0),
(20,1,0),
(20,2,0),
(20,3,0),
(20,4,0),
(20,5,0),
(20,6,0),
(20,7,0),
(20,8,0),
(20,9,0),
(20,10,0),
(20,11,0),
(20,12,0),
(20,13,0),
(20,14,0),
(20,15,0),
(20,16,0),
(20,17,0),
(20,18,0),
(20,19,0),
(20,20,0),
(20,21,0),
(20,22,0),
(20,23,0),
(20,24,0),
(20,25,0),
(20,26,0),
(20,27,1),
(20,28,0),
(20,29,0),
(20,30,0),
(20,31,0),
(20,32,0),
(20,33,0),
(20,34,0),
(20,35,0),
(20,36,0),
(20,37,0),
(20,38,0),
(20,39,0),
(20,40,0),
(20,41,0),
(20,42,0),
(20,43,0),
(20,44,0),
(20,45,0),
(20,46,0),
(20,47,0),
(20,48,0),
(20,49,0),
(20,50,0),
(20,51,0),
(20,52,0),
(20,53,0),
(20,54,0),
(20,55,0),
(20,56,0),
(20,57,0),
(20,58,0),
(20,59,0),
(20,60,0),
(20,61,0),
(20,62,0),
(20,63,0),
(20,64,0),
(20,65,0),
(20,66,0),
(20,67,0),
(20,68,0),
(20,69,0),
(20,70,0),
(20,71,0),
(20,72,0),
(20,73,0),
(20,74,0),
(20,75,0),
(20,76,0),
(20,77,0),
(20,78,0),
(20,79,0),
(20,80,0),
(20,81,0),
(20,82,0),
(20,83,0),
(20,84,0),
(20,85,0),
(21,1,0),
(21,2,0),
(21,3,0),
(21,4,0),
(21,5,0),
(21,6,0),
(21,7,0),
(21,8,0),
(21,9,0),
(21,10,0),
(21,11,0),
(21,12,0),
(21,13,0),
(21,14,0),
(21,15,0),
(21,16,0),
(21,17,0),
(21,18,0),
(21,19,0),
(21,20,0),
(21,21,0),
(21,22,0),
(21,23,0),
(21,24,0),
(21,25,0),
(21,26,0),
(21,27,0),
(21,28,0),
(21,29,0),
(21,30,0),
(21,31,0),
(21,32,0),
(21,33,0),
(21,34,0),
(21,35,0),
(21,36,0),
(21,37,0),
(21,38,0),
(21,39,0),
(21,40,0),
(21,41,0),
(21,42,0),
(21,43,0),
(21,44,0),
(21,45,0),
(21,46,0),
(21,47,0),
(21,48,0),
(21,49,0),
(21,50,0),
(21,51,0),
(21,52,0),
(21,53,0),
(21,54,0),
(21,55,1),
(21,56,0),
(21,57,0),
(21,58,0),
(21,59,0),
(21,60,0),
(21,61,0),
(21,62,0),
(21,63,0),
(21,64,0),
(21,65,0),
(21,66,0),
(21,67,0),
(21,68,0),
(21,69,0),
(21,70,0),
(21,71,0),
(21,72,0),
(21,73,0),
(21,74,0),
(21,75,0),
(21,76,0),
(21,77,0),
(21,78,0),
(21,79,0),
(21,80,0),
(21,81,0),
(21,82,0),
(21,83,0),
(21,84,0),
(21,85,0),
(22,1,0),
(22,2,0),
(22,3,0),
(22,4,0),
(22,5,0),
(22,6,0),
(22,7,0),
(22,8,0),
(22,9,0),
(22,10,0),
(22,11,0),
(22,12,0),
(22,13,0),
(22,14,0),
(22,15,0),
(22,16,0),
(22,17,0),
(22,18,0),
(22,19,0),
(22,20,0),
(22,21,0),
(22,22,0),
(22,23,0),
(22,24,0),
(22,25,0),
(22,26,0),
(22,27,0),
(22,28,0),
(22,29,0),
(22,30,0),
(22,31,0),
(22,32,0),
(22,33,0),
(22,34,1),
(22,35,0),
(22,36,0),
(22,37,0),
(22,38,0),
(22,39,0),
(22,40,0),
(22,41,0),
(22,42,0),
(22,43,0),
(22,44,1),
(22,45,0),
(22,46,0),
(22,47,0),
(22,48,0),
(22,49,1),
(22,50,0),
(22,51,0),
(22,52,0),
(22,53,0),
(22,54,0),
(22,55,0),
(22,56,0),
(22,57,0),
(22,58,0),
(22,59,0),
(22,60,0),
(22,61,0),
(22,62,0),
(22,63,0),
(22,64,0),
(22,65,0),
(22,66,0),
(22,67,0),
(22,68,0),
(22,69,0),
(22,70,0),
(22,71,0),
(22,72,0),
(22,73,0),
(22,74,0),
(22,75,0),
(22,76,0),
(22,77,0),
(22,78,0),
(22,79,0),
(22,80,0),
(22,81,0),
(22,82,0),
(22,83,0),
(22,84,0),
(22,85,0),
(23,1,0),
(23,2,0),
(23,3,0),
(23,4,0),
(23,5,0),
(23,6,0),
(23,7,0),
(23,8,0),
(23,9,0),
(23,10,0),
(23,11,0),
(23,12,0),
(23,13,0),
(23,14,0),
(23,15,0),
(23,16,0),
(23,17,0),
(23,18,0),
(23,19,0),
(23,20,0),
(23,21,0),
(23,22,0),
(23,23,0),
(23,24,0),
(23,25,0),
(23,26,0),
(23,27,0),
(23,28,0),
(23,29,0),
(23,30,0),
(23,31,0),
(23,32,0),
(23,33,0),
(23,34,0),
(23,35,0),
(23,36,0),
(23,37,0),
(23,38,0),
(23,39,0),
(23,40,1),
(23,41,0),
(23,42,0),
(23,43,0),
(23,44,0),
(23,45,0),
(23,46,0),
(23,47,0),
(23,48,0),
(23,49,0),
(23,50,0),
(23,51,1),
(23,52,0),
(23,53,0),
(23,54,0),
(23,55,0),
(23,56,0),
(23,57,0),
(23,58,0),
(23,59,0),
(23,60,0),
(23,61,0),
(23,62,0),
(23,63,0),
(23,64,0),
(23,65,0),
(23,66,0),
(23,67,0),
(23,68,0),
(23,69,0),
(23,70,0),
(23,71,0),
(23,72,0),
(23,73,0),
(23,74,0),
(23,75,0),
(23,76,0),
(23,77,0),
(23,78,0),
(23,79,0),
(23,80,0),
(23,81,0),
(23,82,0),
(23,83,0),
(23,84,0),
(23,85,0),
(24,1,0),
(24,2,0),
(24,3,0),
(24,4,0),
(24,5,0),
(24,6,0),
(24,7,0),
(24,8,0),
(24,9,0),
(24,10,0),
(24,11,0),
(24,12,0),
(24,13,0),
(24,14,0),
(24,15,0),
(24,16,0),
(24,17,0),
(24,18,0),
(24,19,0),
(24,20,0),
(24,21,0),
(24,22,0),
(24,23,0),
(24,24,0),
(24,25,0),
(24,26,0),
(24,27,0),
(24,28,0),
(24,29,0),
(24,30,0),
(24,31,0),
(24,32,0),
(24,33,0),
(24,34,0),
(24,35,0),
(24,36,0),
(24,37,0),
(24,38,0),
(24,39,0),
(24,40,0),
(24,41,0),
(24,42,1),
(24,43,1),
(24,44,0),
(24,45,0),
(24,46,0),
(24,47,1),
(24,48,0),
(24,49,0),
(24,50,0),
(24,51,0),
(24,52,1),
(24,53,1),
(24,54,0),
(24,55,0),
(24,56,0),
(24,57,0),
(24,58,0),
(24,59,0),
(24,60,0),
(24,61,0),
(24,62,0),
(24,63,0),
(24,64,0),
(24,65,0),
(24,66,0),
(24,67,0),
(24,68,0),
(24,69,0),
(24,70,0),
(24,71,0),
(24,72,0),
(24,73,0),
(24,74,0),
(24,75,0),
(24,76,0),
(24,77,0),
(24,78,0),
(24,79,0),
(24,80,0),
(24,81,0),
(24,82,0),
(24,83,0),
(24,84,0),
(24,85,0),
(25,1,0),
(25,2,0),
(25,3,0),
(25,4,0),
(25,5,0),
(25,6,0),
(25,7,0),
(25,8,0),
(25,9,0),
(25,10,0),
(25,11,0),
(25,12,0),
(25,13,0),
(25,14,0),
(25,15,0),
(25,16,0),
(25,17,0),
(25,18,0),
(25,19,0),
(25,20,0),
(25,21,0),
(25,22,0),
(25,23,0),
(25,24,0),
(25,25,0),
(25,26,0),
(25,27,0),
(25,28,0),
(25,29,0),
(25,30,0),
(25,31,0),
(25,32,0),
(25,33,0),
(25,34,0),
(25,35,0),
(25,36,0),
(25,37,0),
(25,38,0),
(25,39,1),
(25,40,0),
(25,41,0),
(25,42,0),
(25,43,0),
(25,44,0),
(25,45,0),
(25,46,0),
(25,47,0),
(25,48,0),
(25,49,0),
(25,50,0),
(25,51,0),
(25,52,0),
(25,53,0),
(25,54,0),
(25,55,0),
(25,56,0),
(25,57,0),
(25,58,0),
(25,59,0),
(25,60,0),
(25,61,0),
(25,62,0),
(25,63,0),
(25,64,0),
(25,65,0),
(25,66,0),
(25,67,0),
(25,68,0),
(25,69,0),
(25,70,0),
(25,71,0),
(25,72,0),
(25,73,0),
(25,74,0),
(25,75,0),
(25,76,0),
(25,77,0),
(25,78,0),
(25,79,0),
(25,80,0),
(25,81,0),
(25,82,0),
(25,83,0),
(25,84,0),
(25,85,0),
(26,1,0),
(26,2,0),
(26,3,0),
(26,4,0),
(26,5,0),
(26,6,0),
(26,7,0),
(26,8,0),
(26,9,0),
(26,10,0),
(26,11,0),
(26,12,0),
(26,13,0),
(26,14,0),
(26,15,0),
(26,16,0),
(26,17,0),
(26,18,0),
(26,19,0),
(26,20,0),
(26,21,0),
(26,22,0),
(26,23,0),
(26,24,0),
(26,25,0),
(26,26,0),
(26,27,0),
(26,28,0),
(26,29,0),
(26,30,0),
(26,31,0),
(26,32,0),
(26,33,0),
(26,34,0),
(26,35,0),
(26,36,0),
(26,37,0),
(26,38,0),
(26,39,0),
(26,40,0),
(26,41,0),
(26,42,0),
(26,43,0),
(26,44,0),
(26,45,0),
(26,46,0),
(26,47,0),
(26,48,0),
(26,49,0),
(26,50,0),
(26,51,0),
(26,52,0),
(26,53,0),
(26,54,0),
(26,55,0),
(26,56,0),
(26,57,0),
(26,58,0),
(26,59,0),
(26,60,0),
(26,61,1),
(26,62,0),
(26,63,0),
(26,64,0),
(26,65,0),
(26,66,0),
(26,67,0),
(26,68,0),
(26,69,0),
(26,70,0),
(26,71,0),
(26,72,0),
(26,73,0),
(26,74,0),
(26,75,0),
(26,76,0),
(26,77,0),
(26,78,0),
(26,79,0),
(26,80,0),
(26,81,0),
(26,82,0),
(26,83,0),
(26,84,0),
(26,85,0),
(27,1,0),
(27,2,0),
(27,3,0),
(27,4,0),
(27,5,0),
(27,6,0),
(27,7,0),
(27,8,0),
(27,9,0),
(27,10,0),
(27,11,0),
(27,12,0),
(27,13,0),
(27,14,0),
(27,15,0),
(27,16,0),
(27,17,0),
(27,18,0),
(27,19,0),
(27,20,0),
(27,21,0),
(27,22,0),
(27,23,0),
(27,24,0),
(27,25,0),
(27,26,0),
(27,27,0),
(27,28,0),
(27,29,0),
(27,30,0),
(27,31,0),
(27,32,0),
(27,33,0),
(27,34,0),
(27,35,0),
(27,36,0),
(27,37,0),
(27,38,0),
(27,39,0),
(27,40,0),
(27,41,0),
(27,42,0),
(27,43,0),
(27,44,0),
(27,45,0),
(27,46,0),
(27,47,0),
(27,48,0),
(27,49,0),
(27,50,0),
(27,51,0),
(27,52,0),
(27,53,0),
(27,54,0),
(27,55,0),
(27,56,0),
(27,57,0),
(27,58,0),
(27,59,0),
(27,60,0),
(27,61,0),
(27,62,1),
(27,63,0),
(27,64,0),
(27,65,0),
(27,66,0),
(27,67,0),
(27,68,0),
(27,69,0),
(27,70,0),
(27,71,0),
(27,72,0),
(27,73,1),
(27,74,0),
(27,75,1),
(27,76,0),
(27,77,0),
(27,78,0),
(27,79,0),
(27,80,0),
(27,81,0),
(27,82,1),
(27,83,0),
(27,84,1),
(27,85,0),
(28,1,0),
(28,2,0),
(28,3,0),
(28,4,0),
(28,5,0),
(28,6,0),
(28,7,0),
(28,8,0),
(28,9,0),
(28,10,0),
(28,11,0),
(28,12,0),
(28,13,0),
(28,14,0),
(28,15,0),
(28,16,0),
(28,17,0),
(28,18,0),
(28,19,0),
(28,20,0),
(28,21,0),
(28,22,0),
(28,23,0),
(28,24,0),
(28,25,0),
(28,26,0),
(28,27,0),
(28,28,0),
(28,29,0),
(28,30,0),
(28,31,0),
(28,32,0),
(28,33,0),
(28,34,0),
(28,35,0),
(28,36,0),
(28,37,0),
(28,38,0),
(28,39,0),
(28,40,0),
(28,41,0),
(28,42,0),
(28,43,0),
(28,44,0),
(28,45,0),
(28,46,0),
(28,47,0),
(28,48,0),
(28,49,0),
(28,50,0),
(28,51,0),
(28,52,0),
(28,53,0),
(28,54,0),
(28,55,0),
(28,56,0),
(28,57,0),
(28,58,0),
(28,59,0),
(28,60,0),
(28,61,0),
(28,62,0),
(28,63,1),
(28,64,0),
(28,65,1),
(28,66,0),
(28,67,0),
(28,68,0),
(28,69,0),
(28,70,0),
(28,71,0),
(28,72,0),
(28,73,0),
(28,74,0),
(28,75,0),
(28,76,0),
(28,77,0),
(28,78,0),
(28,79,0),
(28,80,0),
(28,81,0),
(28,82,0),
(28,83,0),
(28,84,0),
(28,85,1),
(29,1,1),
(29,2,0),
(29,3,0),
(29,4,0),
(29,5,0),
(29,6,0),
(29,7,0),
(29,8,0),
(29,9,0),
(29,10,0),
(29,11,0),
(29,12,0),
(29,13,0),
(29,14,0),
(29,15,0),
(29,16,0),
(29,17,0),
(29,18,0),
(29,19,0),
(29,20,0),
(29,21,0),
(29,22,0),
(29,23,0),
(29,24,0),
(29,25,0),
(29,26,0),
(29,27,0),
(29,28,0),
(29,29,0),
(29,30,0),
(29,31,0),
(29,32,0),
(29,33,0),
(29,34,0),
(29,35,0),
(29,36,0),
(29,37,0),
(29,38,0),
(29,39,0),
(29,40,0),
(29,41,0),
(29,42,0),
(29,43,0),
(29,44,0),
(29,45,0),
(29,46,0),
(29,47,0),
(29,48,0),
(29,49,0),
(29,50,0),
(29,51,0),
(29,52,0),
(29,53,0),
(29,54,0),
(29,55,0),
(29,56,0),
(29,57,0),
(29,58,0),
(29,59,0),
(29,60,0),
(29,61,0),
(29,62,0),
(29,63,0),
(29,64,0),
(29,65,0),
(29,66,0),
(29,67,0),
(29,68,0),
(29,69,0),
(29,70,0),
(29,71,0),
(29,72,0),
(29,73,0),
(29,74,0),
(29,75,0),
(29,76,0),
(29,77,0),
(29,78,0),
(29,79,0),
(29,80,0),
(29,81,0),
(29,82,0),
(29,83,0),
(29,84,0),
(29,85,0),
(30,1,0),
(30,2,0),
(30,3,0),
(30,4,0),
(30,5,0),
(30,6,0),
(30,7,0),
(30,8,0),
(30,9,0),
(30,10,0),
(30,11,0),
(30,12,0),
(30,13,0),
(30,14,0),
(30,15,0),
(30,16,0),
(30,17,0),
(30,18,0),
(30,19,0),
(30,20,0),
(30,21,0),
(30,22,0),
(30,23,0),
(30,24,0),
(30,25,0),
(30,26,0),
(30,27,0),
(30,28,0),
(30,29,0),
(30,30,0),
(30,31,0),
(30,32,0),
(30,33,0),
(30,34,0),
(30,35,0),
(30,36,0),
(30,37,0),
(30,38,0),
(30,39,0),
(30,40,0),
(30,41,0),
(30,42,0),
(30,43,0),
(30,44,0),
(30,45,0),
(30,46,0),
(30,47,0),
(30,48,0),
(30,49,0),
(30,50,0),
(30,51,0),
(30,52,0),
(30,53,0),
(30,54,0),
(30,55,0),
(30,56,0),
(30,57,0),
(30,58,0),
(30,59,0),
(30,60,0),
(30,61,0),
(30,62,0),
(30,63,0),
(30,64,0),
(30,65,0),
(30,66,0),
(30,67,0),
(30,68,0),
(30,69,1),
(30,70,1),
(30,71,1),
(30,72,0),
(30,73,0),
(30,74,1),
(30,75,0),
(30,76,1),
(30,77,0),
(30,78,0),
(30,79,0),
(30,80,0),
(30,81,1),
(30,82,0),
(30,83,1),
(30,84,0),
(30,85,0),
(31,1,0),
(31,2,0),
(31,3,0),
(31,4,0),
(31,5,0),
(31,6,0),
(31,7,0),
(31,8,0),
(31,9,0),
(31,10,0),
(31,11,0),
(31,12,0),
(31,13,0),
(31,14,0),
(31,15,0),
(31,16,0),
(31,17,0),
(31,18,0),
(31,19,0),
(31,20,0),
(31,21,0),
(31,22,0),
(31,23,0),
(31,24,0),
(31,25,0),
(31,26,0),
(31,27,0),
(31,28,0),
(31,29,0),
(31,30,0),
(31,31,0),
(31,32,0),
(31,33,0),
(31,34,0),
(31,35,0),
(31,36,0),
(31,37,0),
(31,38,0),
(31,39,0),
(31,40,0),
(31,41,0),
(31,42,0),
(31,43,0),
(31,44,0),
(31,45,0),
(31,46,0),
(31,47,0),
(31,48,0),
(31,49,0),
(31,50,0),
(31,51,0),
(31,52,0),
(31,53,0),
(31,54,0),
(31,55,0),
(31,56,0),
(31,57,0),
(31,58,0),
(31,59,0),
(31,60,0),
(31,61,0),
(31,62,0),
(31,63,0),
(31,64,0),
(31,65,0),
(31,66,0),
(31,67,0),
(31,68,0),
(31,69,0),
(31,70,0),
(31,71,0),
(31,72,1),
(31,73,0),
(31,74,0),
(31,75,0),
(31,76,0),
(31,77,1),
(31,78,0),
(31,79,0),
(31,80,0),
(31,81,0),
(31,82,0),
(31,83,0),
(31,84,0),
(31,85,0),
(32,1,0),
(32,2,0),
(32,3,0),
(32,4,0),
(32,5,0),
(32,6,0),
(32,7,0),
(32,8,0),
(32,9,0),
(32,10,0),
(32,11,0),
(32,12,0),
(32,13,0),
(32,14,0),
(32,15,0),
(32,16,0),
(32,17,0),
(32,18,0),
(32,19,0),
(32,20,0),
(32,21,0),
(32,22,0),
(32,23,0),
(32,24,0),
(32,25,0),
(32,26,0),
(32,27,0),
(32,28,0),
(32,29,0),
(32,30,0),
(32,31,0),
(32,32,0),
(32,33,0),
(32,34,0),
(32,35,0),
(32,36,0),
(32,37,0),
(32,38,0),
(32,39,0),
(32,40,0),
(32,41,0),
(32,42,0),
(32,43,0),
(32,44,0),
(32,45,0),
(32,46,0),
(32,47,0),
(32,48,0),
(32,49,0),
(32,50,0),
(32,51,0),
(32,52,0),
(32,53,0),
(32,54,0),
(32,55,0),
(32,56,0),
(32,57,0),
(32,58,0),
(32,59,0),
(32,60,0),
(32,61,0),
(32,62,0),
(32,63,0),
(32,64,0),
(32,65,0),
(32,66,0),
(32,67,0),
(32,68,0),
(32,69,0),
(32,70,0),
(32,71,0),
(32,72,0),
(32,73,0),
(32,74,0),
(32,75,0),
(32,76,0),
(32,77,0),
(32,78,1),
(32,79,0),
(32,80,0),
(32,81,0),
(32,82,0),
(32,83,0),
(32,84,0),
(32,85,0),
(33,1,0),
(33,2,0),
(33,3,0),
(33,4,0),
(33,5,0),
(33,6,0),
(33,7,0),
(33,8,0),
(33,9,0),
(33,10,0),
(33,11,0),
(33,12,0),
(33,13,0),
(33,14,0),
(33,15,0),
(33,16,0),
(33,17,0),
(33,18,0),
(33,19,0),
(33,20,0),
(33,21,0),
(33,22,0),
(33,23,0),
(33,24,0),
(33,25,0),
(33,26,0),
(33,27,0),
(33,28,1),
(33,29,0),
(33,30,0),
(33,31,0),
(33,32,0),
(33,33,0),
(33,34,0),
(33,35,0),
(33,36,0),
(33,37,0),
(33,38,0),
(33,39,0),
(33,40,0),
(33,41,0),
(33,42,0),
(33,43,0),
(33,44,0),
(33,45,0),
(33,46,0),
(33,47,0),
(33,48,0),
(33,49,0),
(33,50,0),
(33,51,0),
(33,52,0),
(33,53,0),
(33,54,0),
(33,55,0),
(33,56,0),
(33,57,0),
(33,58,0),
(33,59,0),
(33,60,0),
(33,61,0),
(33,62,0),
(33,63,0),
(33,64,0),
(33,65,0),
(33,66,0),
(33,67,0),
(33,68,1),
(33,69,0),
(33,70,0),
(33,71,0),
(33,72,0),
(33,73,0),
(33,74,0),
(33,75,0),
(33,76,0),
(33,77,0),
(33,78,0),
(33,79,0),
(33,80,0),
(33,81,0),
(33,82,0),
(33,83,0),
(33,84,0),
(33,85,0),
(34,1,0),
(34,2,0),
(34,3,0),
(34,4,0),
(34,5,0),
(34,6,0),
(34,7,0),
(34,8,0),
(34,9,0),
(34,10,0),
(34,11,0),
(34,12,0),
(34,13,0),
(34,14,0),
(34,15,0),
(34,16,0),
(34,17,0),
(34,18,0),
(34,19,0),
(34,20,0),
(34,21,0),
(34,22,0),
(34,23,0),
(34,24,0),
(34,25,0),
(34,26,0),
(34,27,0),
(34,28,0),
(34,29,0),
(34,30,0),
(34,31,0),
(34,32,0),
(34,33,0),
(34,34,0),
(34,35,0),
(34,36,0),
(34,37,0),
(34,38,0),
(34,39,0),
(34,40,0),
(34,41,0),
(34,42,0),
(34,43,0),
(34,44,0),
(34,45,0),
(34,46,0),
(34,47,0),
(34,48,0),
(34,49,0),
(34,50,0),
(34,51,0),
(34,52,0),
(34,53,0),
(34,54,0),
(34,55,0),
(34,56,1),
(34,57,0),
(34,58,0),
(34,59,0),
(34,60,0),
(34,61,0),
(34,62,0),
(34,63,0),
(34,64,0),
(34,65,0),
(34,66,0),
(34,67,0),
(34,68,0),
(34,69,0),
(34,70,0),
(34,71,0),
(34,72,0),
(34,73,0),
(34,74,0),
(34,75,0),
(34,76,0),
(34,77,0),
(34,78,0),
(34,79,0),
(34,80,0),
(34,81,0),
(34,82,0),
(34,83,0),
(34,84,0),
(34,85,0);

/*Table structure for table `hari` */

DROP TABLE IF EXISTS `hari`;

CREATE TABLE `hari` (
  `no` int(20) NOT NULL AUTO_INCREMENT,
  `nama` varchar(225) DEFAULT NULL,
  `status` int(1) DEFAULT NULL,
  PRIMARY KEY (`no`)
) ENGINE=InnoDB AUTO_INCREMENT=6 DEFAULT CHARSET=latin1;

/*Data for the table `hari` */

insert  into `hari`(`no`,`nama`,`status`) values 
(1,'JUMAT',1),
(2,'KAMIS',1),
(3,'RABU',1),
(4,'SELASA',1),
(5,'SENIN',1);

/*Table structure for table `jadwal` */

DROP TABLE IF EXISTS `jadwal`;

CREATE TABLE `jadwal` (
  `id_jadwal` int(20) NOT NULL AUTO_INCREMENT,
  `no_dosen` int(20) DEFAULT NULL,
  `no_hari` int(20) DEFAULT NULL,
  `no_sesi` int(20) DEFAULT NULL,
  `no_matkul` int(20) DEFAULT NULL,
  `no_kelas` int(20) DEFAULT NULL,
  `no_ruangan` int(20) DEFAULT NULL,
  `kategori` int(20) DEFAULT NULL,
  `tot_ruangan` int(20) DEFAULT NULL,
  PRIMARY KEY (`id_jadwal`),
  KEY `fk_jadwal_dosen` (`no_dosen`),
  KEY `fk_jadwal_hari` (`no_hari`),
  KEY `fk_jadwal_sesi` (`no_sesi`),
  KEY `fk_jadwal_matkukl` (`no_matkul`),
  KEY `fk_jadwal_kelas` (`no_kelas`),
  KEY `fk_jadwal_ruangan` (`no_ruangan`),
  CONSTRAINT `fk_jadwal_dosen` FOREIGN KEY (`no_dosen`) REFERENCES `dosen` (`no`),
  CONSTRAINT `fk_jadwal_hari` FOREIGN KEY (`no_hari`) REFERENCES `hari` (`no`),
  CONSTRAINT `fk_jadwal_kelas` FOREIGN KEY (`no_kelas`) REFERENCES `kelas` (`no`),
  CONSTRAINT `fk_jadwal_matkukl` FOREIGN KEY (`no_matkul`) REFERENCES `matkul` (`no`),
  CONSTRAINT `fk_jadwal_ruangan` FOREIGN KEY (`no_ruangan`) REFERENCES `ruangan` (`no`),
  CONSTRAINT `fk_jadwal_sesi` FOREIGN KEY (`no_sesi`) REFERENCES `sesi` (`no`)
) ENGINE=InnoDB DEFAULT CHARSET=latin1;

/*Data for the table `jadwal` */

/*Table structure for table `kategori` */

DROP TABLE IF EXISTS `kategori`;

CREATE TABLE `kategori` (
  `no` int(11) NOT NULL AUTO_INCREMENT,
  `nama` varchar(200) DEFAULT NULL,
  PRIMARY KEY (`no`)
) ENGINE=InnoDB AUTO_INCREMENT=6 DEFAULT CHARSET=latin1;

/*Data for the table `kategori` */

insert  into `kategori`(`no`,`nama`) values 
(1,'Teori'),
(2,'Praktikum'),
(3,'Teori/Praktikum'),
(4,'Laboratorium'),
(5,'Lab Fisika');

/*Table structure for table `kelas` */

DROP TABLE IF EXISTS `kelas`;

CREATE TABLE `kelas` (
  `no` int(20) NOT NULL AUTO_INCREMENT,
  `nama` varchar(225) NOT NULL,
  `jumlah` int(20) NOT NULL,
  PRIMARY KEY (`no`)
) ENGINE=InnoDB AUTO_INCREMENT=13 DEFAULT CHARSET=latin1;

/*Data for the table `kelas` */

insert  into `kelas`(`no`,`nama`,`jumlah`) values 
(1,'11TI',60),
(2,'12TI',60),
(3,'13TI',60),
(4,'14TI',60),
(5,'11SI',60),
(6,'12SI',60),
(7,'13SI',60),
(8,'14SI',60),
(9,'11TE',60),
(10,'12TE',60),
(11,'13TE',60),
(12,'14TE',60);

/*Table structure for table `matkul` */

DROP TABLE IF EXISTS `matkul`;

CREATE TABLE `matkul` (
  `no` int(20) NOT NULL AUTO_INCREMENT,
  `nama` varchar(225) NOT NULL,
  `sks` int(20) NOT NULL,
  `jumlah` int(20) NOT NULL,
  `kategori` int(1) DEFAULT NULL,
  PRIMARY KEY (`no`)
) ENGINE=InnoDB AUTO_INCREMENT=86 DEFAULT CHARSET=latin1;

/*Data for the table `matkul` */

insert  into `matkul`(`no`,`nama`,`sks`,`jumlah`,`kategori`) values 
(1,'MADAS I 11TI',4,60,1),
(2,'FISDAS I 11TI',4,60,1),
(3,'STA 11TI',2,60,1),
(4,'ENG I 11TI',2,60,1),
(5,'PTI 11TI',2,60,1),
(6,'DEL CHA 11TI',2,60,1),
(7,'PROG I 11TI',2,60,1),
(8,'SISDIG 12TI',3,60,1),
(9,'MATDIS 12TI',3,60,1),
(10,'BASDAT 12 TI',3,60,1),
(11,'LOGIN 12TI',3,60,1),
(12,'PROBSTAT 12TI',3,60,1),
(13,'ALSRUDAT 12TI',3,60,1),
(14,'JARKOM 13TI',2,60,1),
(15,'CERTAN 13TI',3,60,1),
(16,'TBFA 13TI',3,60,1),
(17,'PABWE 13TI',3,60,1),
(18,'ENG III 13TI',2,60,1),
(19,'TECHNO 13TI',2,60,1),
(20,'DSI 13TI',3,60,1),
(21,'KP 14TI',2,60,1),
(22,'TA I 14TI',4,60,1),
(23,'RPLSD 14TI',2,60,1),
(24,'PC 14TI',2,60,1),
(25,'CRIPTO 14TI',3,60,1),
(26,'PM 14TI',3,60,1),
(27,'PUPL 14TI',3,60,1),
(28,'MADAS I 11SI',4,60,1),
(29,'FISDAS I 11SI',4,60,1),
(30,'STA 11SI',2,60,1),
(31,'ENG I 11SI',2,60,1),
(32,'PTI 11SI',2,60,1),
(33,'DEL CHA 11SI',2,60,1),
(34,'PROG I 11SI',2,60,1),
(35,'SISDIG 12SI',3,60,1),
(36,'MATDIS 12SI',3,60,1),
(37,'BASDAT 12 SI',3,60,1),
(38,'OMI 12SI',3,60,1),
(39,'PROBSTAT 12SI',3,60,1),
(40,'ALSRUDAT 12SI',3,60,1),
(41,'PJK 13SI',3,60,1),
(42,'CERTAN 13SI',4,60,1),
(43,'BASDATLAN 13SI',3,60,1),
(44,'PABWE 13SI',4,60,1),
(45,'ENG III 13SI',2,60,1),
(46,'TECHNO 13SI',2,60,1),
(47,'KP 14SI  ',2,60,1),
(48,'TAI 14SI',4,60,1),
(49,'SISENT 14SI',2,60,1),
(50,'PC 14SI',2,60,1),
(51,'KESLAN 14SI',3,60,1),
(52,'DAMI 14SI',3,60,1),
(53,'BAMI 14SI',3,60,1),
(54,'AUDTI 14SI',3,60,1),
(55,'MADAS I 11TE',4,60,1),
(56,'FISDAS I 11TE',4,60,1),
(57,'STA 11TE',2,60,1),
(58,'ENG I 11TE',2,60,1),
(59,'PTI 11TE',2,60,1),
(60,'DEL CHA 11TE  ',2,60,1),
(61,'TTKI 11TE',2,60,1),
(62,'PRAK RE 12TE  ',1,60,1),
(63,'PRAK SISDIG 12TE',1,60,1),
(64,'RE 12TE',4,60,1),
(65,'SISDIG 12TE',4,60,1),
(66,'PENGPRO 12TE',2,60,1),
(67,'MATDIS 12TE',3,60,1),
(68,'MATEK I2TE',3,60,1),
(69,'ASK 13TE',3,60,1),
(70,'PRAK ASK  13TE',1,60,1),
(71,'ELEKTRO II 13TE',3,60,1),
(72,'MTE 13TE',3,60,1),
(73,'PSD 13TE',3,60,1),
(74,'PRAK ELEKTRO II13TE',1,60,1),
(75,'PRAK PSD 13TE',1,60,1),
(76,'STE 13TE ',3,60,1),
(77,'TA I 14TE',3,60,1),
(78,'EKOTEK  14TE',3,60,1),
(79,'CERTAN 14TE',3,60,1),
(80,'PC  14TE',2,60,1),
(81,'SKD 14TE',3,60,1),
(82,'PCD 14TE',3,60,1),
(83,'MECRO 14TE',3,60,1),
(84,'WSN 14TE',3,60,1),
(85,'PST 14TE',3,60,1);

/*Table structure for table `matkul_kelas` */

DROP TABLE IF EXISTS `matkul_kelas`;

CREATE TABLE `matkul_kelas` (
  `no_matkul` int(20) DEFAULT NULL,
  `no_kelas` int(20) DEFAULT NULL,
  `nilai` int(20) DEFAULT NULL,
  KEY `fk_matkul` (`no_matkul`),
  KEY `fk_kelas` (`no_kelas`),
  CONSTRAINT `fk_kelas` FOREIGN KEY (`no_kelas`) REFERENCES `kelas` (`no`),
  CONSTRAINT `fk_matkul` FOREIGN KEY (`no_matkul`) REFERENCES `matkul` (`no`)
) ENGINE=InnoDB DEFAULT CHARSET=latin1;

/*Data for the table `matkul_kelas` */

insert  into `matkul_kelas`(`no_matkul`,`no_kelas`,`nilai`) values 
(1,1,1),
(1,2,0),
(1,3,0),
(1,4,0),
(1,5,0),
(1,6,0),
(1,7,0),
(1,8,0),
(1,9,0),
(1,10,0),
(1,11,0),
(1,12,0),
(2,1,1),
(2,2,0),
(2,3,0),
(2,4,0),
(2,5,0),
(2,6,0),
(2,7,0),
(2,8,0),
(2,9,0),
(2,10,0),
(2,11,0),
(2,12,0),
(3,1,1),
(3,2,0),
(3,3,0),
(3,4,0),
(3,5,0),
(3,6,0),
(3,7,0),
(3,8,0),
(3,9,0),
(3,10,0),
(3,11,0),
(3,12,0),
(4,1,1),
(4,2,0),
(4,3,0),
(4,4,0),
(4,5,0),
(4,6,0),
(4,7,0),
(4,8,0),
(4,9,0),
(4,10,0),
(4,11,0),
(4,12,0),
(5,1,0),
(5,2,0),
(5,3,0),
(5,4,0),
(5,5,0),
(5,6,0),
(5,7,0),
(5,8,0),
(5,9,0),
(5,10,0),
(5,11,0),
(5,12,0),
(6,1,1),
(6,2,0),
(6,3,0),
(6,4,0),
(6,5,0),
(6,6,0),
(6,7,0),
(6,8,0),
(6,9,0),
(6,10,0),
(6,11,0),
(6,12,0),
(7,1,1),
(7,2,0),
(7,3,0),
(7,4,0),
(7,5,0),
(7,6,0),
(7,7,0),
(7,8,0),
(7,9,0),
(7,10,0),
(7,11,0),
(7,12,0),
(8,1,0),
(8,2,1),
(8,3,0),
(8,4,0),
(8,5,0),
(8,6,0),
(8,7,0),
(8,8,0),
(8,9,0),
(8,10,0),
(8,11,0),
(8,12,0),
(9,1,0),
(9,2,1),
(9,3,0),
(9,4,0),
(9,5,0),
(9,6,0),
(9,7,0),
(9,8,0),
(9,9,0),
(9,10,0),
(9,11,0),
(9,12,0),
(10,1,0),
(10,2,1),
(10,3,0),
(10,4,0),
(10,5,0),
(10,6,0),
(10,7,0),
(10,8,0),
(10,9,0),
(10,10,0),
(10,11,0),
(10,12,0),
(11,1,0),
(11,2,1),
(11,3,0),
(11,4,0),
(11,5,0),
(11,6,0),
(11,7,0),
(11,8,0),
(11,9,0),
(11,10,0),
(11,11,0),
(11,12,0),
(12,1,0),
(12,2,1),
(12,3,0),
(12,4,0),
(12,5,0),
(12,6,0),
(12,7,0),
(12,8,0),
(12,9,0),
(12,10,0),
(12,11,0),
(12,12,0),
(13,1,0),
(13,2,1),
(13,3,0),
(13,4,0),
(13,5,0),
(13,6,0),
(13,7,0),
(13,8,0),
(13,9,0),
(13,10,0),
(13,11,0),
(13,12,0),
(14,1,0),
(14,2,0),
(14,3,1),
(14,4,0),
(14,5,0),
(14,6,0),
(14,7,0),
(14,8,0),
(14,9,0),
(14,10,0),
(14,11,0),
(14,12,0),
(15,1,0),
(15,2,0),
(15,3,1),
(15,4,0),
(15,5,0),
(15,6,0),
(15,7,0),
(15,8,0),
(15,9,0),
(15,10,0),
(15,11,0),
(15,12,0),
(16,1,0),
(16,2,0),
(16,3,1),
(16,4,0),
(16,5,0),
(16,6,0),
(16,7,0),
(16,8,0),
(16,9,0),
(16,10,0),
(16,11,0),
(16,12,0),
(17,1,0),
(17,2,0),
(17,3,1),
(17,4,0),
(17,5,0),
(17,6,0),
(17,7,0),
(17,8,0),
(17,9,0),
(17,10,0),
(17,11,0),
(17,12,0),
(18,1,0),
(18,2,0),
(18,3,1),
(18,4,0),
(18,5,0),
(18,6,0),
(18,7,0),
(18,8,0),
(18,9,0),
(18,10,0),
(18,11,0),
(18,12,0),
(19,1,0),
(19,2,0),
(19,3,1),
(19,4,0),
(19,5,0),
(19,6,0),
(19,7,0),
(19,8,0),
(19,9,0),
(19,10,0),
(19,11,0),
(19,12,0),
(20,1,0),
(20,2,0),
(20,3,1),
(20,4,0),
(20,5,0),
(20,6,0),
(20,7,0),
(20,8,0),
(20,9,0),
(20,10,0),
(20,11,0),
(20,12,0),
(21,1,0),
(21,2,0),
(21,3,0),
(21,4,1),
(21,5,0),
(21,6,0),
(21,7,0),
(21,8,0),
(21,9,0),
(21,10,0),
(21,11,0),
(21,12,0),
(22,1,0),
(22,2,0),
(22,3,0),
(22,4,1),
(22,5,0),
(22,6,0),
(22,7,0),
(22,8,0),
(22,9,0),
(22,10,0),
(22,11,0),
(22,12,0),
(23,1,0),
(23,2,0),
(23,3,0),
(23,4,1),
(23,5,0),
(23,6,0),
(23,7,0),
(23,8,0),
(23,9,0),
(23,10,0),
(23,11,0),
(23,12,0),
(24,1,0),
(24,2,0),
(24,3,0),
(24,4,1),
(24,5,0),
(24,6,0),
(24,7,0),
(24,8,0),
(24,9,0),
(24,10,0),
(24,11,0),
(24,12,0),
(25,1,0),
(25,2,0),
(25,3,0),
(25,4,1),
(25,5,0),
(25,6,0),
(25,7,0),
(25,8,0),
(25,9,0),
(25,10,0),
(25,11,0),
(25,12,0),
(26,1,0),
(26,2,0),
(26,3,0),
(26,4,1),
(26,5,0),
(26,6,0),
(26,7,0),
(26,8,0),
(26,9,0),
(26,10,0),
(26,11,0),
(26,12,0),
(27,1,0),
(27,2,0),
(27,3,0),
(27,4,1),
(27,5,0),
(27,6,0),
(27,7,0),
(27,8,0),
(27,9,0),
(27,10,0),
(27,11,0),
(27,12,0),
(28,1,0),
(28,2,0),
(28,3,0),
(28,4,0),
(28,5,1),
(28,6,0),
(28,7,0),
(28,8,0),
(28,9,0),
(28,10,0),
(28,11,0),
(28,12,0),
(29,1,0),
(29,2,0),
(29,3,0),
(29,4,0),
(29,5,1),
(29,6,0),
(29,7,0),
(29,8,0),
(29,9,0),
(29,10,0),
(29,11,0),
(29,12,0),
(30,1,0),
(30,2,0),
(30,3,0),
(30,4,0),
(30,5,1),
(30,6,0),
(30,7,0),
(30,8,0),
(30,9,0),
(30,10,0),
(30,11,0),
(30,12,0),
(31,1,0),
(31,2,0),
(31,3,0),
(31,4,0),
(31,5,1),
(31,6,0),
(31,7,0),
(31,8,0),
(31,9,0),
(31,10,0),
(31,11,0),
(31,12,0),
(32,1,0),
(32,2,0),
(32,3,0),
(32,4,0),
(32,5,1),
(32,6,0),
(32,7,0),
(32,8,0),
(32,9,0),
(32,10,0),
(32,11,0),
(32,12,0),
(33,1,0),
(33,2,0),
(33,3,0),
(33,4,0),
(33,5,1),
(33,6,0),
(33,7,0),
(33,8,0),
(33,9,0),
(33,10,0),
(33,11,0),
(33,12,0),
(34,1,0),
(34,2,0),
(34,3,0),
(34,4,0),
(34,5,1),
(34,6,0),
(34,7,0),
(34,8,0),
(34,9,0),
(34,10,0),
(34,11,0),
(34,12,0),
(35,1,0),
(35,2,0),
(35,3,0),
(35,4,0),
(35,5,0),
(35,6,1),
(35,7,0),
(35,8,0),
(35,9,0),
(35,10,0),
(35,11,0),
(35,12,0),
(36,1,0),
(36,2,0),
(36,3,0),
(36,4,0),
(36,5,0),
(36,6,1),
(36,7,0),
(36,8,0),
(36,9,0),
(36,10,0),
(36,11,0),
(36,12,0),
(37,1,0),
(37,2,0),
(37,3,0),
(37,4,0),
(37,5,0),
(37,6,1),
(37,7,0),
(37,8,0),
(37,9,0),
(37,10,0),
(37,11,0),
(37,12,0),
(38,1,0),
(38,2,0),
(38,3,0),
(38,4,0),
(38,5,0),
(38,6,1),
(38,7,0),
(38,8,0),
(38,9,0),
(38,10,0),
(38,11,0),
(38,12,0),
(39,1,0),
(39,2,0),
(39,3,0),
(39,4,0),
(39,5,0),
(39,6,1),
(39,7,0),
(39,8,0),
(39,9,0),
(39,10,0),
(39,11,0),
(39,12,0),
(40,1,0),
(40,2,0),
(40,3,0),
(40,4,0),
(40,5,0),
(40,6,1),
(40,7,0),
(40,8,0),
(40,9,0),
(40,10,0),
(40,11,0),
(40,12,0),
(41,1,0),
(41,2,0),
(41,3,0),
(41,4,0),
(41,5,0),
(41,6,0),
(41,7,1),
(41,8,0),
(41,9,0),
(41,10,0),
(41,11,0),
(41,12,0),
(42,1,0),
(42,2,0),
(42,3,0),
(42,4,0),
(42,5,0),
(42,6,0),
(42,7,1),
(42,8,0),
(42,9,0),
(42,10,0),
(42,11,0),
(42,12,0),
(43,1,0),
(43,2,0),
(43,3,0),
(43,4,0),
(43,5,0),
(43,6,0),
(43,7,1),
(43,8,0),
(43,9,0),
(43,10,0),
(43,11,0),
(43,12,0),
(44,1,0),
(44,2,0),
(44,3,0),
(44,4,0),
(44,5,1),
(44,6,0),
(44,7,1),
(44,8,0),
(44,9,0),
(44,10,0),
(44,11,0),
(44,12,0),
(45,1,0),
(45,2,0),
(45,3,0),
(45,4,0),
(45,5,0),
(45,6,0),
(45,7,1),
(45,8,0),
(45,9,0),
(45,10,0),
(45,11,0),
(45,12,0),
(46,1,0),
(46,2,0),
(46,3,0),
(46,4,0),
(46,5,0),
(46,6,0),
(46,7,1),
(46,8,0),
(46,9,0),
(46,10,0),
(46,11,0),
(46,12,0),
(47,1,0),
(47,2,0),
(47,3,0),
(47,4,0),
(47,5,0),
(47,6,0),
(47,7,0),
(47,8,1),
(47,9,0),
(47,10,0),
(47,11,0),
(47,12,0),
(48,1,0),
(48,2,0),
(48,3,0),
(48,4,0),
(48,5,0),
(48,6,0),
(48,7,0),
(48,8,1),
(48,9,0),
(48,10,0),
(48,11,0),
(48,12,0),
(49,1,0),
(49,2,0),
(49,3,0),
(49,4,0),
(49,5,0),
(49,6,0),
(49,7,0),
(49,8,1),
(49,9,0),
(49,10,0),
(49,11,0),
(49,12,0),
(50,1,0),
(50,2,0),
(50,3,0),
(50,4,0),
(50,5,0),
(50,6,0),
(50,7,0),
(50,8,1),
(50,9,0),
(50,10,0),
(50,11,0),
(50,12,0),
(51,1,0),
(51,2,0),
(51,3,0),
(51,4,0),
(51,5,0),
(51,6,0),
(51,7,0),
(51,8,1),
(51,9,0),
(51,10,0),
(51,11,0),
(51,12,0),
(52,1,0),
(52,2,0),
(52,3,0),
(52,4,0),
(52,5,0),
(52,6,0),
(52,7,0),
(52,8,1),
(52,9,0),
(52,10,0),
(52,11,0),
(52,12,0),
(53,1,0),
(53,2,0),
(53,3,0),
(53,4,0),
(53,5,0),
(53,6,0),
(53,7,0),
(53,8,1),
(53,9,0),
(53,10,0),
(53,11,0),
(53,12,0),
(54,1,0),
(54,2,0),
(54,3,0),
(54,4,0),
(54,5,0),
(54,6,0),
(54,7,0),
(54,8,0),
(54,9,0),
(54,10,0),
(54,11,0),
(54,12,0),
(55,1,0),
(55,2,0),
(55,3,0),
(55,4,0),
(55,5,0),
(55,6,0),
(55,7,0),
(55,8,0),
(55,9,1),
(55,10,0),
(55,11,0),
(55,12,0),
(56,1,0),
(56,2,0),
(56,3,0),
(56,4,0),
(56,5,0),
(56,6,0),
(56,7,0),
(56,8,0),
(56,9,1),
(56,10,0),
(56,11,0),
(56,12,0),
(57,1,0),
(57,2,0),
(57,3,0),
(57,4,0),
(57,5,0),
(57,6,0),
(57,7,0),
(57,8,0),
(57,9,1),
(57,10,0),
(57,11,0),
(57,12,0),
(58,1,0),
(58,2,0),
(58,3,0),
(58,4,0),
(58,5,0),
(58,6,0),
(58,7,0),
(58,8,0),
(58,9,1),
(58,10,0),
(58,11,0),
(58,12,0),
(59,1,0),
(59,2,0),
(59,3,0),
(59,4,0),
(59,5,0),
(59,6,0),
(59,7,0),
(59,8,0),
(59,9,1),
(59,10,0),
(59,11,0),
(59,12,0),
(60,1,0),
(60,2,0),
(60,3,0),
(60,4,0),
(60,5,0),
(60,6,0),
(60,7,0),
(60,8,0),
(60,9,1),
(60,10,0),
(60,11,0),
(60,12,0),
(61,1,0),
(61,2,0),
(61,3,0),
(61,4,0),
(61,5,0),
(61,6,0),
(61,7,0),
(61,8,0),
(61,9,1),
(61,10,0),
(61,11,0),
(61,12,0),
(62,1,0),
(62,2,0),
(62,3,0),
(62,4,0),
(62,5,0),
(62,6,0),
(62,7,0),
(62,8,0),
(62,9,0),
(62,10,1),
(62,11,0),
(62,12,0),
(63,1,0),
(63,2,0),
(63,3,0),
(63,4,0),
(63,5,0),
(63,6,0),
(63,7,0),
(63,8,0),
(63,9,0),
(63,10,1),
(63,11,0),
(63,12,0),
(64,1,0),
(64,2,0),
(64,3,0),
(64,4,0),
(64,5,0),
(64,6,0),
(64,7,0),
(64,8,0),
(64,9,0),
(64,10,1),
(64,11,0),
(64,12,0),
(65,1,0),
(65,2,0),
(65,3,0),
(65,4,0),
(65,5,0),
(65,6,0),
(65,7,0),
(65,8,0),
(65,9,0),
(65,10,1),
(65,11,0),
(65,12,0),
(66,1,0),
(66,2,0),
(66,3,0),
(66,4,0),
(66,5,0),
(66,6,0),
(66,7,0),
(66,8,0),
(66,9,0),
(66,10,1),
(66,11,0),
(66,12,0),
(67,1,0),
(67,2,0),
(67,3,0),
(67,4,0),
(67,5,0),
(67,6,0),
(67,7,0),
(67,8,0),
(67,9,0),
(67,10,1),
(67,11,0),
(67,12,0),
(68,1,0),
(68,2,0),
(68,3,0),
(68,4,0),
(68,5,0),
(68,6,0),
(68,7,0),
(68,8,0),
(68,9,0),
(68,10,1),
(68,11,0),
(68,12,0),
(69,1,0),
(69,2,0),
(69,3,0),
(69,4,0),
(69,5,0),
(69,6,0),
(69,7,0),
(69,8,0),
(69,9,0),
(69,10,0),
(69,11,1),
(69,12,0),
(70,1,0),
(70,2,0),
(70,3,0),
(70,4,0),
(70,5,0),
(70,6,0),
(70,7,0),
(70,8,0),
(70,9,0),
(70,10,0),
(70,11,1),
(70,12,0),
(71,1,0),
(71,2,0),
(71,3,0),
(71,4,0),
(71,5,0),
(71,6,0),
(71,7,0),
(71,8,0),
(71,9,0),
(71,10,0),
(71,11,1),
(71,12,0),
(72,1,0),
(72,2,0),
(72,3,0),
(72,4,0),
(72,5,0),
(72,6,0),
(72,7,0),
(72,8,0),
(72,9,0),
(72,10,0),
(72,11,1),
(72,12,0),
(73,1,0),
(73,2,0),
(73,3,0),
(73,4,0),
(73,5,0),
(73,6,0),
(73,7,0),
(73,8,0),
(73,9,0),
(73,10,0),
(73,11,1),
(73,12,0),
(74,1,0),
(74,2,0),
(74,3,0),
(74,4,0),
(74,5,0),
(74,6,0),
(74,7,0),
(74,8,0),
(74,9,0),
(74,10,0),
(74,11,1),
(74,12,0),
(75,1,0),
(75,2,0),
(75,3,0),
(75,4,0),
(75,5,0),
(75,6,0),
(75,7,0),
(75,8,0),
(75,9,0),
(75,10,0),
(75,11,1),
(75,12,0),
(76,1,0),
(76,2,0),
(76,3,0),
(76,4,0),
(76,5,0),
(76,6,0),
(76,7,0),
(76,8,0),
(76,9,0),
(76,10,0),
(76,11,1),
(76,12,0),
(77,1,0),
(77,2,0),
(77,3,0),
(77,4,0),
(77,5,0),
(77,6,0),
(77,7,0),
(77,8,0),
(77,9,0),
(77,10,0),
(77,11,0),
(77,12,1),
(78,1,0),
(78,2,0),
(78,3,0),
(78,4,0),
(78,5,0),
(78,6,0),
(78,7,0),
(78,8,0),
(78,9,0),
(78,10,0),
(78,11,0),
(78,12,1),
(79,1,0),
(79,2,0),
(79,3,0),
(79,4,0),
(79,5,0),
(79,6,0),
(79,7,0),
(79,8,0),
(79,9,0),
(79,10,0),
(79,11,0),
(79,12,1),
(80,1,0),
(80,2,0),
(80,3,0),
(80,4,0),
(80,5,0),
(80,6,0),
(80,7,0),
(80,8,0),
(80,9,0),
(80,10,0),
(80,11,0),
(80,12,1),
(81,1,0),
(81,2,0),
(81,3,0),
(81,4,0),
(81,5,0),
(81,6,0),
(81,7,0),
(81,8,0),
(81,9,0),
(81,10,0),
(81,11,0),
(81,12,1),
(82,1,0),
(82,2,0),
(82,3,0),
(82,4,0),
(82,5,0),
(82,6,0),
(82,7,0),
(82,8,0),
(82,9,0),
(82,10,0),
(82,11,0),
(82,12,1),
(83,1,0),
(83,2,0),
(83,3,0),
(83,4,0),
(83,5,0),
(83,6,0),
(83,7,0),
(83,8,0),
(83,9,0),
(83,10,0),
(83,11,0),
(83,12,1),
(84,1,0),
(84,2,0),
(84,3,0),
(84,4,0),
(84,5,0),
(84,6,0),
(84,7,0),
(84,8,0),
(84,9,0),
(84,10,0),
(84,11,0),
(84,12,1),
(85,1,0),
(85,2,0),
(85,3,0),
(85,4,0),
(85,5,0),
(85,6,0),
(85,7,0),
(85,8,0),
(85,9,0),
(85,10,0),
(85,11,0),
(85,12,1);

/*Table structure for table `ruangan` */

DROP TABLE IF EXISTS `ruangan`;

CREATE TABLE `ruangan` (
  `no` int(20) NOT NULL AUTO_INCREMENT,
  `nama` varchar(225) DEFAULT NULL,
  `kapasitas` int(20) DEFAULT NULL,
  `kategori` int(11) DEFAULT NULL,
  `status` int(11) DEFAULT NULL,
  PRIMARY KEY (`no`)
) ENGINE=InnoDB AUTO_INCREMENT=23 DEFAULT CHARSET=latin1;

/*Data for the table `ruangan` */

insert  into `ruangan`(`no`,`nama`,`kapasitas`,`kategori`,`status`) values 
(1,'GD513',30,1,1),
(2,'GD514',30,1,1),
(3,'GD515',30,1,1),
(4,'GD516',60,1,1),
(5,'GD524',30,1,1),
(6,'GD525',30,1,1),
(7,'GD526',30,1,1),
(8,'GD711',60,1,1),
(9,'GD712',30,1,1),
(10,'GD713',30,1,1),
(11,'GD714',60,1,1),
(12,'GD721',60,1,1),
(13,'GD722',120,1,1),
(14,'GD723',60,1,1),
(15,'GD724',30,1,1),
(16,'GD725',30,1,1),
(17,'GD726',30,1,1),
(18,'GD912',60,1,1),
(19,'GD922',60,1,1),
(20,'GD923',60,1,1),
(21,'AUD',200,1,1),
(22,'Belum di-set',NULL,3,3);

/*Table structure for table `sesi` */

DROP TABLE IF EXISTS `sesi`;

CREATE TABLE `sesi` (
  `no` int(20) NOT NULL AUTO_INCREMENT,
  `nama` varchar(225) DEFAULT NULL,
  `status` int(1) DEFAULT NULL,
  PRIMARY KEY (`no`)
) ENGINE=InnoDB AUTO_INCREMENT=9 DEFAULT CHARSET=latin1;

/*Data for the table `sesi` */

insert  into `sesi`(`no`,`nama`,`status`) values 
(1,'SESI 8',1),
(2,'SESI 7',1),
(3,'SESI 6',1),
(4,'SESI 5',1),
(5,'SESI 4',1),
(6,'SESI 3',1),
(7,'SESI 2',1),
(8,'SESI 1',1);

/*!40101 SET SQL_MODE=@OLD_SQL_MODE */;
/*!40014 SET FOREIGN_KEY_CHECKS=@OLD_FOREIGN_KEY_CHECKS */;
/*!40014 SET UNIQUE_CHECKS=@OLD_UNIQUE_CHECKS */;
/*!40111 SET SQL_NOTES=@OLD_SQL_NOTES */;
